speaker	target	matrix_status	audit_disposition	matrix_row_count	matrix_row_ids	matrix_pair_form	reverse_row_count	reverse_row_ids	profile_heading_declared	diagnostic_mentions_broad	diagnostic_mentions_direct_target_field	sample_diagnostic_ids	symmetry_state	notes
Frederica Rosenfort	Shinei Nouzen	PRESENT	PRESENT_PRE_CMR7	3	86-CMR-RM-FRE-SHI-01;86-CMR-RM-FRE-SHI-02;86-CMR-RM-FRE-SHI-03	EXACT_DYADIC	3	86-CMR-RM-SHI-FRE-01;86-CMR-RM-SHI-FRE-02;86-CMR-RM-SHI-FRE-03	true	24	23	86-CMR-FRE-001;86-CMR-FRE-004;86-CMR-FRE-005;86-CMR-FRE-007;86-CMR-FRE-008;86-CMR-FRE-009;86-CMR-FRE-010;86-CMR-FRE-012;86-CMR-FRE-013;86-CMR-FRE-014;86-CMR-FRE-015;86-CMR-FRE-016	BIDIRECTIONAL	Independent or analytically decisive speaker-side matrix state is present.
Frederica Rosenfort	Vladilena Milizé	PRESENT	PRESENT_PRE_CMR7	1	86-CMR-RM-FRE-LEN-01	EXACT_DYADIC	2	86-CMR-RM-LEN-FRE-01;86-CMR-RM-LEN-FRE-02	true	3	3	86-CMR-FRE-016;86-CMR-FRE-018;86-CMR-FRE-021	BIDIRECTIONAL	Independent or analytically decisive speaker-side matrix state is present.
Frederica Rosenfort	Raiden Shuga	PRESENT	PRESENT_PRE_CMR7	3	86-CMR-RM-FRE-RAI-01;86-CMR-RM-FRE-RAI-02;86-CMR-RM-FRE-RAI-03	EXACT_DYADIC	3	86-CMR-RM-RAI-FRE-01;86-CMR-RM-RAI-FRE-02;86-CMR-RM-RAI-FRE-03	true	6	6	86-CMR-FRE-003;86-CMR-FRE-032;86-CMR-FRE-039;86-CMR-FRE-040;86-CMR-FRE-041;86-CMR-FRE-046	BIDIRECTIONAL	Independent or analytically decisive speaker-side matrix state is present.
Frederica Rosenfort	Theoto Rikka	PRESENT	PRESENT_PRE_CMR7	1	86-CMR-RM-FRE-THE-01	EXACT_DYADIC	1	86-CMR-RM-THE-FRE-01	false	1	1	86-CMR-FRE-037	BIDIRECTIONAL	Independent or analytically decisive speaker-side matrix state is present.
Frederica Rosenfort	Kurena Kukumila	PRESENT	PRESENT_PRE_CMR7	1	86-CMR-RM-FRE-KUR-01	EXACT_DYADIC	2	86-CMR-RM-KUR-FRE-01;86-CMR-RM-KUR-FRE-02	false	2	2	86-CMR-FRE-029;86-CMR-FRE-031	BIDIRECTIONAL	Independent or analytically decisive speaker-side matrix state is present.
Frederica Rosenfort	Anju Emma	ABSENT_ADJUDICATED	RETAIN_COLLECTIVE_OR_INCIDENTAL	0			2	86-CMR-RM-ANJ-FRE-01;86-CMR-RM-ANJ-FRE-02	false	2	2	86-CMR-FRE-020;86-CMR-FRE-031	ONE_DIRECTION_ONLY	Candidate evidence was reviewed but remains collective, incidental, role-level, focalized through another subject or too narrow for an independent row. Reverse direction exists independently and does not authorize this direction.
Frederica Rosenfort	Shiden Iida	ABSENT_ADJUDICATED	RETAIN_COLLECTIVE_OR_INCIDENTAL	0			1	86-CMR-RM-SHD-FRE-01	false	0	0		ONE_DIRECTION_ONLY	Candidate evidence was reviewed but remains collective, incidental, role-level, focalized through another subject or too narrow for an independent row. Reverse direction exists independently and does not authorize this direction.
Frederica Rosenfort	Ernst Zimmermann	PRESENT	PRESENT_PRE_CMR7	2	86-CMR-RM-FRE-ERN-01;86-CMR-RM-FRE-ERN-02	EXACT_DYADIC	3	86-CMR-RM-ERN-FRE-01;86-CMR-RM-ERN-FRE-02;86-CMR-RM-ERN-FRE-03	true	6	6	86-CMR-FRE-002;86-CMR-FRE-004;86-CMR-FRE-015;86-CMR-FRE-023;86-CMR-FRE-037;86-CMR-FRE-043	BIDIRECTIONAL	Independent or analytically decisive speaker-side matrix state is present.
Frederica Rosenfort	Grethe Wenzel	ABSENT_ADJUDICATED	RETAIN_COLLECTIVE_OR_INCIDENTAL	0			1	86-CMR-RM-GRE-FRE-01	false	0	0		ONE_DIRECTION_ONLY	Candidate evidence was reviewed but remains collective, incidental, role-level, focalized through another subject or too narrow for an independent row. Reverse direction exists independently and does not authorize this direction.
Frederica Rosenfort	Annette Penrose	PRESENT	PRESENT_PRE_CMR7	1	86-CMR-RM-FRE-ANN-01	EXACT_DYADIC	1	86-CMR-RM-ANN-FRE-01	false	1	1	86-CMR-FRE-017	BIDIRECTIONAL	Independent or analytically decisive speaker-side matrix state is present.
Frederica Rosenfort	Viktor Idinarohk / Vika	PRESENT	PRESENT_PRE_CMR7	1	86-CMR-RM-FRE-VIK-01	EXACT_DYADIC	1	86-CMR-RM-VIK-FRE-01	true	3	3	86-CMR-FRE-033;86-CMR-FRE-035;86-CMR-FRE-036	BIDIRECTIONAL	Independent or analytically decisive speaker-side matrix state is present.
Frederica Rosenfort	Lerche	ABSENT_ADJUDICATED	RETAIN_COLLECTIVE_OR_INCIDENTAL	0			1	86-CMR-RM-LER-FRE-01	false	0	0		ONE_DIRECTION_ONLY	Candidate evidence was reviewed but remains collective, incidental, role-level, focalized through another subject or too narrow for an independent row. Reverse direction exists independently and does not authorize this direction.
Frederica Rosenfort	Rito Oriya	ABSENT_NO_WARRANT	NO_INDEPENDENT_REGISTER	0			0		false	0	0		NO_DIRECTION	No independent directed register is established at the locked source boundary.
Frederica Rosenfort	Erwin Marcel / Marcel	ABSENT_NO_WARRANT	NO_INDEPENDENT_REGISTER	0			0		false	0	0		NO_DIRECTION	No independent directed register is established at the locked source boundary.
Frederica Rosenfort	Fido	PRESENT	ADDED_CMR7	1	86-CMR-RM-FRE-FID-01	EXACT_DYADIC	1	86-CMR-RM-FID-FRE-01	false	1	1	86-CMR-FRE-018	BIDIRECTIONAL	Independent or analytically decisive speaker-side matrix state is present.
Shinei Nouzen	Frederica Rosenfort	PRESENT	PRESENT_PRE_CMR7	3	86-CMR-RM-SHI-FRE-01;86-CMR-RM-SHI-FRE-02;86-CMR-RM-SHI-FRE-03	EXACT_DYADIC	3	86-CMR-RM-FRE-SHI-01;86-CMR-RM-FRE-SHI-02;86-CMR-RM-FRE-SHI-03	true	3	3	86-CMR-SHI-011;86-CMR-SHI-048;86-CMR-SHI-049	BIDIRECTIONAL	Independent or analytically decisive speaker-side matrix state is present.
Shinei Nouzen	Vladilena Milizé	PRESENT	PRESENT_PRE_CMR7	5	86-CMR-RM-SHI-LEN-01;86-CMR-RM-SHI-LEN-02;86-CMR-RM-SHI-LEN-03;86-CMR-RM-SHI-LEN-04;86-CMR-RM-SHI-LEN-05	EXACT_DYADIC	7	86-CMR-RM-LEN-SHI-01;86-CMR-RM-LEN-SHI-02;86-CMR-RM-LEN-SHI-03;86-CMR-RM-LEN-SHI-04;86-CMR-RM-LEN-SHI-05;86-CMR-RM-LEN-SHI-06;86-CMR-RM-LEN-SHI-07	true	27	25	86-CMR-SHI-001;86-CMR-SHI-003;86-CMR-SHI-004;86-CMR-SHI-005;86-CMR-SHI-007;86-CMR-SHI-009;86-CMR-SHI-016;86-CMR-SHI-017;86-CMR-SHI-018;86-CMR-SHI-020;86-CMR-SHI-021;86-CMR-SHI-023	BIDIRECTIONAL	Independent or analytically decisive speaker-side matrix state is present.
Shinei Nouzen	Raiden Shuga	PRESENT	PRESENT_PRE_CMR7	2	86-CMR-RM-SHI-RAI-01;86-CMR-RM-SHI-RAI-02	EXACT_DYADIC	6	86-CMR-RM-RAI-SHI-01;86-CMR-RM-RAI-SHI-02;86-CMR-RM-RAI-SHI-03;86-CMR-RM-RAI-SHI-04;86-CMR-RM-RAI-SHI-05;86-CMR-RM-RAI-SHI-06	true	10	10	86-CMR-SHI-006;86-CMR-SHI-007;86-CMR-SHI-008;86-CMR-SHI-014;86-CMR-SHI-019;86-CMR-SHI-041;86-CMR-SHI-042;86-CMR-SHI-043;86-CMR-SHI-044;86-CMR-SHI-051	BIDIRECTIONAL	Independent or analytically decisive speaker-side matrix state is present.
Shinei Nouzen	Theoto Rikka	PRESENT	PRESENT_PRE_CMR7	1	86-CMR-RM-SHI-THE-01	EXACT_DYADIC	3	86-CMR-RM-THE-SHI-01;86-CMR-RM-THE-SHI-02;86-CMR-RM-THE-SHI-03	true	4	3	86-CMR-SHI-012;86-CMR-SHI-031;86-CMR-SHI-044;86-CMR-SHI-045	BIDIRECTIONAL	Independent or analytically decisive speaker-side matrix state is present.
Shinei Nouzen	Kurena Kukumila	PRESENT	PRESENT_PRE_CMR7	1	86-CMR-RM-SHI-KUR-01	EXACT_DYADIC	4	86-CMR-RM-KUR-SHI-01;86-CMR-RM-KUR-SHI-02;86-CMR-RM-KUR-SHI-03;86-CMR-RM-KUR-SHI-04	true	3	3	86-CMR-SHI-012;86-CMR-SHI-013;86-CMR-SHI-033	BIDIRECTIONAL	Independent or analytically decisive speaker-side matrix state is present.
Shinei Nouzen	Anju Emma	PRESENT	PRESENT_PRE_CMR7	1	86-CMR-RM-SHI-ANJ-01	EXACT_DYADIC	2	86-CMR-RM-ANJ-SHI-01;86-CMR-RM-ANJ-SHI-02	true	2	2	86-CMR-SHI-012;86-CMR-SHI-022	BIDIRECTIONAL	Independent or analytically decisive speaker-side matrix state is present.
Shinei Nouzen	Shiden Iida	PRESENT	ADDED_CMR7	1	86-CMR-RM-SHI-SHD-01	EXACT_DYADIC	4	86-CMR-RM-SHD-SHI-01;86-CMR-RM-SHD-SHI-02;86-CMR-RM-SHD-SHI-03;86-CMR-RM-SHD-SHI-04	false	0	0		BIDIRECTIONAL	Independent or analytically decisive speaker-side matrix state is present.
Shinei Nouzen	Ernst Zimmermann	ABSENT_NO_WARRANT	NO_INDEPENDENT_REGISTER	0			2	86-CMR-RM-ERN-SHI-01;86-CMR-RM-ERN-SHI-02	false	0	0		ONE_DIRECTION_ONLY	No independent directed register is established at the locked source boundary. Reverse direction exists independently and does not authorize this direction.
Shinei Nouzen	Grethe Wenzel	ABSENT_NO_WARRANT	NO_INDEPENDENT_REGISTER	0			3	86-CMR-RM-GRE-SHI-01;86-CMR-RM-GRE-SHI-02;86-CMR-RM-GRE-SHI-03	false	0	0		ONE_DIRECTION_ONLY	No independent directed register is established at the locked source boundary. Reverse direction exists independently and does not authorize this direction.
Shinei Nouzen	Annette Penrose	PRESENT	PRESENT_PRE_CMR7	2	86-CMR-RM-SHI-ANN-01;86-CMR-RM-SHI-ANN-02	EXACT_DYADIC	3	86-CMR-RM-ANN-SHI-01;86-CMR-RM-ANN-SHI-02;86-CMR-RM-ANN-SHI-03	true	2	2	86-CMR-SHI-035;86-CMR-SHI-055	BIDIRECTIONAL	Independent or analytically decisive speaker-side matrix state is present.
Shinei Nouzen	Viktor Idinarohk / Vika	PRESENT	ADDED_CMR7	1	86-CMR-RM-SHI-VIK-01	EXACT_DYADIC	3	86-CMR-RM-VIK-SHI-01;86-CMR-RM-VIK-SHI-02;86-CMR-RM-VIK-SHI-03	false	0	0		BIDIRECTIONAL	Independent or analytically decisive speaker-side matrix state is present.
Shinei Nouzen	Lerche	PRESENT	ADDED_CMR7	1	86-CMR-RM-SHI-LER-01	EXACT_DYADIC	3	86-CMR-RM-LER-SHI-01;86-CMR-RM-LER-SHI-02;86-CMR-RM-LER-SHI-03	false	0	0		BIDIRECTIONAL	Independent or analytically decisive speaker-side matrix state is present.
Shinei Nouzen	Rito Oriya	PRESENT	ADDED_CMR7	1	86-CMR-RM-SHI-RIT-01	EXACT_DYADIC	2	86-CMR-RM-RIT-SHI-01;86-CMR-RM-RIT-SHI-02	false	1	1	86-CMR-SHI-038	BIDIRECTIONAL	Independent or analytically decisive speaker-side matrix state is present.
Shinei Nouzen	Erwin Marcel / Marcel	PRESENT	ADDED_CMR7	1	86-CMR-RM-SHI-MAR-01	EXACT_DYADIC	3	86-CMR-RM-MAR-SHI-01;86-CMR-RM-MAR-SHI-02;86-CMR-RM-MAR-SHI-03	false	0	0		BIDIRECTIONAL	Independent or analytically decisive speaker-side matrix state is present.
Shinei Nouzen	Fido	PRESENT	PRESENT_PRE_CMR7	1	86-CMR-RM-SHI-FID-01	EXACT_DYADIC	5	86-CMR-RM-FID-CSH-01;86-CMR-RM-FID-SHI-01;86-CMR-RM-FID-SHI-02;86-CMR-RM-FID-SHI-03;86-CMR-RM-FID-SHI-04	true	2	2	86-CMR-SHI-002;86-CMR-SHI-015	BIDIRECTIONAL	Independent or analytically decisive speaker-side matrix state is present.
Vladilena Milizé	Frederica Rosenfort	PRESENT	PRESENT_PRE_CMR7	2	86-CMR-RM-LEN-FRE-01;86-CMR-RM-LEN-FRE-02	EXACT_DYADIC	1	86-CMR-RM-FRE-LEN-01	true	0	0		BIDIRECTIONAL	Independent or analytically decisive speaker-side matrix state is present.
Vladilena Milizé	Shinei Nouzen	PRESENT	PRESENT_PRE_CMR7	7	86-CMR-RM-LEN-SHI-01;86-CMR-RM-LEN-SHI-02;86-CMR-RM-LEN-SHI-03;86-CMR-RM-LEN-SHI-04;86-CMR-RM-LEN-SHI-05;86-CMR-RM-LEN-SHI-06;86-CMR-RM-LEN-SHI-07	EXACT_DYADIC	5	86-CMR-RM-SHI-LEN-01;86-CMR-RM-SHI-LEN-02;86-CMR-RM-SHI-LEN-03;86-CMR-RM-SHI-LEN-04;86-CMR-RM-SHI-LEN-05	true	48	46	86-CMR-LEN-012;86-CMR-LEN-013;86-CMR-LEN-014;86-CMR-LEN-015;86-CMR-LEN-016;86-CMR-LEN-018;86-CMR-LEN-019;86-CMR-LEN-020;86-CMR-LEN-021;86-CMR-LEN-022;86-CMR-LEN-023;86-CMR-LEN-024	BIDIRECTIONAL	Independent or analytically decisive speaker-side matrix state is present.
Vladilena Milizé	Raiden Shuga	PRESENT	PRESENT_PRE_CMR7	1	86-CMR-RM-LEN-RAI-01	EXACT_DYADIC	2	86-CMR-RM-RAI-LEN-01;86-CMR-RM-RAI-LEN-02	true	1	1	86-CMR-LEN-055	BIDIRECTIONAL	Independent or analytically decisive speaker-side matrix state is present.
Vladilena Milizé	Theoto Rikka	PRESENT	ADDED_CMR7	1	86-CMR-RM-LEN-THE-01	EXACT_DYADIC	2	86-CMR-RM-THE-LEN-01;86-CMR-RM-THE-LEN-02	false	1	1	86-CMR-LEN-003	BIDIRECTIONAL	Independent or analytically decisive speaker-side matrix state is present.
Vladilena Milizé	Kurena Kukumila	ABSENT_ADJUDICATED	RETAIN_COLLECTIVE_OR_INCIDENTAL	0			2	86-CMR-RM-KUR-LEN-01;86-CMR-RM-KUR-LEN-02	false	1	1	86-CMR-LEN-062	ONE_DIRECTION_ONLY	Candidate evidence was reviewed but remains collective, incidental, role-level, focalized through another subject or too narrow for an independent row. Reverse direction exists independently and does not authorize this direction.
Vladilena Milizé	Anju Emma	ABSENT_NO_WARRANT	NO_INDEPENDENT_REGISTER	0			1	86-CMR-RM-ANJ-LEN-01	false	0	0		ONE_DIRECTION_ONLY	No independent directed register is established at the locked source boundary. Reverse direction exists independently and does not authorize this direction.
Vladilena Milizé	Shiden Iida	PRESENT	PRESENT_PRE_CMR7	1	86-CMR-RM-LEN-SHD-01	EXACT_DYADIC	6	86-CMR-RM-SHD-LEN-01;86-CMR-RM-SHD-LEN-02;86-CMR-RM-SHD-LEN-03;86-CMR-RM-SHD-LEN-04;86-CMR-RM-SHD-LEN-05;86-CMR-RM-SHD-LEN-06	true	3	3	86-CMR-LEN-032;86-CMR-LEN-033;86-CMR-LEN-066	BIDIRECTIONAL	Independent or analytically decisive speaker-side matrix state is present.
Vladilena Milizé	Ernst Zimmermann	ABSENT_ADJUDICATED	RETAIN_COLLECTIVE_OR_INCIDENTAL	0			0		false	1	1	86-CMR-LEN-073	NO_DIRECTION	Candidate evidence was reviewed but remains collective, incidental, role-level, focalized through another subject or too narrow for an independent row.
Vladilena Milizé	Grethe Wenzel	ABSENT_NO_WARRANT	NO_INDEPENDENT_REGISTER	0			2	86-CMR-RM-GRE-LEN-01;86-CMR-RM-GRE-LEN-02	false	0	0		ONE_DIRECTION_ONLY	No independent directed register is established at the locked source boundary. Reverse direction exists independently and does not authorize this direction.
Vladilena Milizé	Annette Penrose	PRESENT	PRESENT_PRE_CMR7	2	86-CMR-RM-LEN-ANN-01;86-CMR-RM-LEN-ANN-02	EXACT_DYADIC	4	86-CMR-RM-ANN-LEN-01;86-CMR-RM-ANN-LEN-02;86-CMR-RM-ANN-LEN-03;86-CMR-RM-ANN-LEN-04	true	5	5	86-CMR-LEN-006;86-CMR-LEN-007;86-CMR-LEN-008;86-CMR-LEN-039;86-CMR-LEN-068	BIDIRECTIONAL	Independent or analytically decisive speaker-side matrix state is present.
Vladilena Milizé	Viktor Idinarohk / Vika	PRESENT	ADDED_CMR7	1	86-CMR-RM-LEN-VIK-01	EXACT_DYADIC	2	86-CMR-RM-VIK-LEN-01;86-CMR-RM-VIK-LEN-02	false	1	1	86-CMR-LEN-071	BIDIRECTIONAL	Independent or analytically decisive speaker-side matrix state is present.
Vladilena Milizé	Lerche	ABSENT_NO_WARRANT	NO_INDEPENDENT_REGISTER	0			1	86-CMR-RM-LER-LEN-01	false	0	0		ONE_DIRECTION_ONLY	No independent directed register is established at the locked source boundary. Reverse direction exists independently and does not authorize this direction.
Vladilena Milizé	Rito Oriya	PRESENT	ADDED_CMR7	1	86-CMR-RM-LEN-RIT-01	EXACT_DYADIC	1	86-CMR-RM-RIT-LEN-01	false	0	0		BIDIRECTIONAL	Independent or analytically decisive speaker-side matrix state is present.
Vladilena Milizé	Erwin Marcel / Marcel	ABSENT_NO_WARRANT	NO_INDEPENDENT_REGISTER	0			1	86-CMR-RM-MAR-LEN-01	false	0	0		ONE_DIRECTION_ONLY	No independent directed register is established at the locked source boundary. Reverse direction exists independently and does not authorize this direction.
Vladilena Milizé	Fido	ABSENT_NO_WARRANT	NO_INDEPENDENT_REGISTER	0			1	86-CMR-RM-FID-LEN-01	false	0	0		ONE_DIRECTION_ONLY	No independent directed register is established at the locked source boundary. Reverse direction exists independently and does not authorize this direction.
Raiden Shuga	Frederica Rosenfort	PRESENT	PRESENT_PRE_CMR7	3	86-CMR-RM-RAI-FRE-01;86-CMR-RM-RAI-FRE-02;86-CMR-RM-RAI-FRE-03	EXACT_DYADIC	3	86-CMR-RM-FRE-RAI-01;86-CMR-RM-FRE-RAI-02;86-CMR-RM-FRE-RAI-03	true	10	8	86-CMR-RAI-012;86-CMR-RAI-016;86-CMR-RAI-018;86-CMR-RAI-023;86-CMR-RAI-038;86-CMR-RAI-043;86-CMR-RAI-049;86-CMR-RAI-050;86-CMR-RAI-059;86-CMR-RAI-068	BIDIRECTIONAL	Independent or analytically decisive speaker-side matrix state is present.
Raiden Shuga	Shinei Nouzen	PRESENT	PRESENT_PRE_CMR7	6	86-CMR-RM-RAI-SHI-01;86-CMR-RM-RAI-SHI-02;86-CMR-RM-RAI-SHI-03;86-CMR-RM-RAI-SHI-04;86-CMR-RM-RAI-SHI-05;86-CMR-RM-RAI-SHI-06	EXACT_DYADIC	2	86-CMR-RM-SHI-RAI-01;86-CMR-RM-SHI-RAI-02	true	43	37	86-CMR-RAI-003;86-CMR-RAI-004;86-CMR-RAI-005;86-CMR-RAI-006;86-CMR-RAI-007;86-CMR-RAI-008;86-CMR-RAI-012;86-CMR-RAI-013;86-CMR-RAI-018;86-CMR-RAI-019;86-CMR-RAI-020;86-CMR-RAI-021	BIDIRECTIONAL	Independent or analytically decisive speaker-side matrix state is present.
Raiden Shuga	Vladilena Milizé	PRESENT	PRESENT_PRE_CMR7	2	86-CMR-RM-RAI-LEN-01;86-CMR-RM-RAI-LEN-02	EXACT_DYADIC	1	86-CMR-RM-LEN-RAI-01	true	11	9	86-CMR-RAI-009;86-CMR-RAI-010;86-CMR-RAI-011;86-CMR-RAI-014;86-CMR-RAI-021;86-CMR-RAI-031;86-CMR-RAI-035;86-CMR-RAI-040;86-CMR-RAI-048;86-CMR-RAI-066;86-CMR-RAI-070	BIDIRECTIONAL	Independent or analytically decisive speaker-side matrix state is present.
Raiden Shuga	Theoto Rikka	PRESENT	PRESENT_PRE_CMR7	2	86-CMR-RM-RAI-THE-01;86-CMR-RM-RAI-THE-02	EXACT_DYADIC	2	86-CMR-RM-THE-RAI-01;86-CMR-RM-THE-RAI-02	true	3	2	86-CMR-RAI-002;86-CMR-RAI-037;86-CMR-RAI-058	BIDIRECTIONAL	Independent or analytically decisive speaker-side matrix state is present.
Raiden Shuga	Kurena Kukumila	PRESENT	PRESENT_PRE_CMR7	1	86-CMR-RM-RAI-KUR-01	EXACT_DYADIC	1	86-CMR-RM-KUR-RAI-01	true	4	3	86-CMR-RAI-022;86-CMR-RAI-060;86-CMR-RAI-066;86-CMR-RAI-068	BIDIRECTIONAL	Independent or analytically decisive speaker-side matrix state is present.
Raiden Shuga	Anju Emma	ABSENT_OPEN	OPEN_UNDERDETERMINED	0			0		true	1	0	86-CMR-RAI-068	NO_DIRECTION	Profile/corpus relation exists, but no distinct speaker-side register is stable enough to add without symmetry inference.
Raiden Shuga	Shiden Iida	ABSENT_ADJUDICATED	RETAIN_COLLECTIVE_OR_INCIDENTAL	0			1	86-CMR-RM-SHD-RAI-01	false	1	0	86-CMR-RAI-054	ONE_DIRECTION_ONLY	Candidate evidence was reviewed but remains collective, incidental, role-level, focalized through another subject or too narrow for an independent row. Reverse direction exists independently and does not authorize this direction.
Raiden Shuga	Ernst Zimmermann	ABSENT_NO_WARRANT	NO_INDEPENDENT_REGISTER	0			0		false	0	0		NO_DIRECTION	No independent directed register is established at the locked source boundary.
Raiden Shuga	Grethe Wenzel	ABSENT_NO_WARRANT	NO_INDEPENDENT_REGISTER	0			0		false	0	0		NO_DIRECTION	No independent directed register is established at the locked source boundary.
Raiden Shuga	Annette Penrose	ABSENT_NO_WARRANT	NO_INDEPENDENT_REGISTER	0			0		false	0	0		NO_DIRECTION	No independent directed register is established at the locked source boundary.
Raiden Shuga	Viktor Idinarohk / Vika	PRESENT	ADDED_CMR7	1	86-CMR-RM-RAI-VIK-01	EXACT_DYADIC	1	86-CMR-RM-VIK-RAI-01	false	1	0	86-CMR-RAI-050	BIDIRECTIONAL	Independent or analytically decisive speaker-side matrix state is present.
Raiden Shuga	Lerche	ABSENT_NO_WARRANT	NO_INDEPENDENT_REGISTER	0			0		false	0	0		NO_DIRECTION	No independent directed register is established at the locked source boundary.
Raiden Shuga	Rito Oriya	PRESENT	PRESENT_PRE_CMR7	2	86-CMR-RM-RAI-RIT-01;86-CMR-RM-RAI-RIT-02	EXACT_DYADIC;QUALIFIED_PERSON_TARGET	1	86-CMR-RM-RIT-RAI-01	true	4	2	86-CMR-RAI-029;86-CMR-RAI-054;86-CMR-RAI-055;86-CMR-RAI-065	BIDIRECTIONAL	Independent or analytically decisive speaker-side matrix state is present.
Raiden Shuga	Erwin Marcel / Marcel	ABSENT_NO_WARRANT	NO_INDEPENDENT_REGISTER	0			0		false	0	0		NO_DIRECTION	No independent directed register is established at the locked source boundary.
Raiden Shuga	Fido	PRESENT	PRESENT_PRE_CMR7	1	86-CMR-RM-RAI-FID-01	EXACT_DYADIC	1	86-CMR-RM-FID-RAI-01	true	2	2	86-CMR-RAI-001;86-CMR-RAI-037	BIDIRECTIONAL	Independent or analytically decisive speaker-side matrix state is present.
Theoto Rikka	Frederica Rosenfort	PRESENT	PRESENT_PRE_CMR7	1	86-CMR-RM-THE-FRE-01	EXACT_DYADIC	1	86-CMR-RM-FRE-THE-01	false	2	2	86-CMR-THE-019;86-CMR-THE-065	BIDIRECTIONAL	Independent or analytically decisive speaker-side matrix state is present.
Theoto Rikka	Shinei Nouzen	PRESENT	PRESENT_PRE_CMR7	3	86-CMR-RM-THE-SHI-01;86-CMR-RM-THE-SHI-02;86-CMR-RM-THE-SHI-03	EXACT_DYADIC	1	86-CMR-RM-SHI-THE-01	true	16	14	86-CMR-THE-001;86-CMR-THE-009;86-CMR-THE-022;86-CMR-THE-024;86-CMR-THE-028;86-CMR-THE-031;86-CMR-THE-032;86-CMR-THE-037;86-CMR-THE-043;86-CMR-THE-044;86-CMR-THE-055;86-CMR-THE-068	BIDIRECTIONAL	Independent or analytically decisive speaker-side matrix state is present.
Theoto Rikka	Vladilena Milizé	PRESENT	PRESENT_PRE_CMR7	2	86-CMR-RM-THE-LEN-01;86-CMR-RM-THE-LEN-02	EXACT_DYADIC	1	86-CMR-RM-LEN-THE-01	true	6	6	86-CMR-THE-004;86-CMR-THE-005;86-CMR-THE-010;86-CMR-THE-011;86-CMR-THE-067;86-CMR-THE-068	BIDIRECTIONAL	Independent or analytically decisive speaker-side matrix state is present.
Theoto Rikka	Raiden Shuga	PRESENT	PRESENT_PRE_CMR7	2	86-CMR-RM-THE-RAI-01;86-CMR-RM-THE-RAI-02	EXACT_DYADIC	2	86-CMR-RM-RAI-THE-01;86-CMR-RM-RAI-THE-02	true	5	5	86-CMR-THE-005;86-CMR-THE-021;86-CMR-THE-028;86-CMR-THE-032;86-CMR-THE-075	BIDIRECTIONAL	Independent or analytically decisive speaker-side matrix state is present.
Theoto Rikka	Kurena Kukumila	PRESENT	PRESENT_PRE_CMR7	2	86-CMR-RM-THE-KUR-01;86-CMR-RM-THE-KUR-02	EXACT_DYADIC	2	86-CMR-RM-KUR-THE-01;86-CMR-RM-KUR-THE-02	true	4	4	86-CMR-THE-029;86-CMR-THE-033;86-CMR-THE-070;86-CMR-THE-071	BIDIRECTIONAL	Independent or analytically decisive speaker-side matrix state is present.
Theoto Rikka	Anju Emma	PRESENT	PRESENT_PRE_CMR7	2	86-CMR-RM-THE-ANJ-01;86-CMR-RM-THE-ANJ-02	EXACT_DYADIC	1	86-CMR-RM-ANJ-THE-01	true	2	2	86-CMR-THE-006;86-CMR-THE-072	BIDIRECTIONAL	Independent or analytically decisive speaker-side matrix state is present.
Theoto Rikka	Shiden Iida	ABSENT_NO_WARRANT	NO_INDEPENDENT_REGISTER	0			1	86-CMR-RM-SHD-THE-01	false	0	0		ONE_DIRECTION_ONLY	No independent directed register is established at the locked source boundary. Reverse direction exists independently and does not authorize this direction.
Theoto Rikka	Ernst Zimmermann	PRESENT	PRESENT_PRE_CMR7	1	86-CMR-RM-THE-ERN-01	EXACT_DYADIC	1	86-CMR-RM-ERN-THE-01	true	2	2	86-CMR-THE-065;86-CMR-THE-066	BIDIRECTIONAL	Independent or analytically decisive speaker-side matrix state is present.
Theoto Rikka	Grethe Wenzel	ABSENT_NO_WARRANT	NO_INDEPENDENT_REGISTER	0			0		false	0	0		NO_DIRECTION	No independent directed register is established at the locked source boundary.
Theoto Rikka	Annette Penrose	PRESENT	PRESENT_PRE_CMR7	2	86-CMR-RM-THE-ANN-01;86-CMR-RM-THE-ANN-02	EXACT_DYADIC	4	86-CMR-RM-ANN-THE-01;86-CMR-RM-ANN-THE-02;86-CMR-RM-ANN-THE-03;86-CMR-RM-ANN-THE-04	true	9	9	86-CMR-THE-050;86-CMR-THE-051;86-CMR-THE-052;86-CMR-THE-054;86-CMR-THE-061;86-CMR-THE-062;86-CMR-THE-063;86-CMR-THE-069;86-CMR-THE-085	BIDIRECTIONAL	Independent or analytically decisive speaker-side matrix state is present.
Theoto Rikka	Viktor Idinarohk / Vika	PRESENT	ADDED_CMR7	1	86-CMR-RM-THE-VIK-01	EXACT_DYADIC	1	86-CMR-RM-VIK-THE-01	false	0	0		BIDIRECTIONAL	Independent or analytically decisive speaker-side matrix state is present.
Theoto Rikka	Lerche	ABSENT_NO_WARRANT	NO_INDEPENDENT_REGISTER	0			0		false	0	0		NO_DIRECTION	No independent directed register is established at the locked source boundary.
Theoto Rikka	Rito Oriya	ABSENT_NO_WARRANT	NO_INDEPENDENT_REGISTER	0			1	86-CMR-RM-RIT-THE-01	false	0	0		ONE_DIRECTION_ONLY	No independent directed register is established at the locked source boundary. Reverse direction exists independently and does not authorize this direction.
Theoto Rikka	Erwin Marcel / Marcel	PRESENT	PRESENT_PRE_CMR7	1	86-CMR-RM-THE-MAR-01	EXACT_DYADIC	1	86-CMR-RM-MAR-THE-01	false	2	2	86-CMR-THE-080;86-CMR-THE-081	BIDIRECTIONAL	Independent or analytically decisive speaker-side matrix state is present.
Theoto Rikka	Fido	ABSENT_ADJUDICATED	RETAIN_COLLECTIVE_OR_INCIDENTAL	0			1	86-CMR-RM-FID-THE-01	false	2	2	86-CMR-THE-028;86-CMR-THE-083	ONE_DIRECTION_ONLY	Candidate evidence was reviewed but remains collective, incidental, role-level, focalized through another subject or too narrow for an independent row. Reverse direction exists independently and does not authorize this direction.
Kurena Kukumila	Frederica Rosenfort	PRESENT	PRESENT_PRE_CMR7	2	86-CMR-RM-KUR-FRE-01;86-CMR-RM-KUR-FRE-02	EXACT_DYADIC	1	86-CMR-RM-FRE-KUR-01	true	3	3	86-CMR-KUR-032;86-CMR-KUR-055;86-CMR-KUR-056	BIDIRECTIONAL	Independent or analytically decisive speaker-side matrix state is present.
Kurena Kukumila	Shinei Nouzen	PRESENT	PRESENT_PRE_CMR7	4	86-CMR-RM-KUR-SHI-01;86-CMR-RM-KUR-SHI-02;86-CMR-RM-KUR-SHI-03;86-CMR-RM-KUR-SHI-04	EXACT_DYADIC	1	86-CMR-RM-SHI-KUR-01	true	48	40	86-CMR-KUR-001;86-CMR-KUR-003;86-CMR-KUR-005;86-CMR-KUR-006;86-CMR-KUR-007;86-CMR-KUR-008;86-CMR-KUR-018;86-CMR-KUR-019;86-CMR-KUR-020;86-CMR-KUR-028;86-CMR-KUR-031;86-CMR-KUR-032	BIDIRECTIONAL	Independent or analytically decisive speaker-side matrix state is present.
Kurena Kukumila	Vladilena Milizé	PRESENT	PRESENT_PRE_CMR7	2	86-CMR-RM-KUR-LEN-01;86-CMR-RM-KUR-LEN-02	EXACT_DYADIC	0		true	15	14	86-CMR-KUR-002;86-CMR-KUR-003;86-CMR-KUR-009;86-CMR-KUR-018;86-CMR-KUR-021;86-CMR-KUR-038;86-CMR-KUR-049;86-CMR-KUR-062;86-CMR-KUR-089;86-CMR-KUR-110;86-CMR-KUR-113;86-CMR-KUR-114	ONE_DIRECTION_ONLY	Independent or analytically decisive speaker-side matrix state is present.
Kurena Kukumila	Raiden Shuga	PRESENT	PRESENT_PRE_CMR7	1	86-CMR-RM-KUR-RAI-01	EXACT_DYADIC	1	86-CMR-RM-RAI-KUR-01	true	11	9	86-CMR-KUR-015;86-CMR-KUR-017;86-CMR-KUR-032;86-CMR-KUR-049;86-CMR-KUR-088;86-CMR-KUR-097;86-CMR-KUR-098;86-CMR-KUR-106;86-CMR-KUR-107;86-CMR-KUR-108;86-CMR-KUR-111	BIDIRECTIONAL	Independent or analytically decisive speaker-side matrix state is present.
Kurena Kukumila	Theoto Rikka	PRESENT	PRESENT_PRE_CMR7	2	86-CMR-RM-KUR-THE-01;86-CMR-RM-KUR-THE-02	EXACT_DYADIC	2	86-CMR-RM-THE-KUR-01;86-CMR-RM-THE-KUR-02	true	13	13	86-CMR-KUR-024;86-CMR-KUR-032;86-CMR-KUR-037;86-CMR-KUR-040;86-CMR-KUR-043;86-CMR-KUR-045;86-CMR-KUR-046;86-CMR-KUR-049;86-CMR-KUR-050;86-CMR-KUR-051;86-CMR-KUR-101;86-CMR-KUR-102	BIDIRECTIONAL	Independent or analytically decisive speaker-side matrix state is present.
Kurena Kukumila	Anju Emma	PRESENT	PRESENT_PRE_CMR7	2	86-CMR-RM-KUR-ANJ-01;86-CMR-RM-KUR-ANJ-02	EXACT_DYADIC	2	86-CMR-RM-ANJ-KUR-01;86-CMR-RM-ANJ-KUR-02	true	6	5	86-CMR-KUR-017;86-CMR-KUR-038;86-CMR-KUR-089;86-CMR-KUR-095;86-CMR-KUR-096;86-CMR-KUR-121	BIDIRECTIONAL	Independent or analytically decisive speaker-side matrix state is present.
Kurena Kukumila	Shiden Iida	PRESENT	PRESENT_PRE_CMR7	1	86-CMR-RM-KUR-SHD-01	EXACT_DYADIC	0		true	1	1	86-CMR-KUR-120	ONE_DIRECTION_ONLY	Independent or analytically decisive speaker-side matrix state is present.
Kurena Kukumila	Ernst Zimmermann	ABSENT_NO_WARRANT	NO_INDEPENDENT_REGISTER	0			0		false	0	0		NO_DIRECTION	No independent directed register is established at the locked source boundary.
Kurena Kukumila	Grethe Wenzel	ABSENT_NO_WARRANT	NO_INDEPENDENT_REGISTER	0			0		false	0	0		NO_DIRECTION	No independent directed register is established at the locked source boundary.
Kurena Kukumila	Annette Penrose	ABSENT_NO_WARRANT	NO_INDEPENDENT_REGISTER	0			0		false	0	0		NO_DIRECTION	No independent directed register is established at the locked source boundary.
Kurena Kukumila	Viktor Idinarohk / Vika	ABSENT_NO_WARRANT	NO_INDEPENDENT_REGISTER	0			0		false	0	0		NO_DIRECTION	No independent directed register is established at the locked source boundary.
Kurena Kukumila	Lerche	ABSENT_NO_WARRANT	NO_INDEPENDENT_REGISTER	0			0		false	0	0		NO_DIRECTION	No independent directed register is established at the locked source boundary.
Kurena Kukumila	Rito Oriya	PRESENT	PRESENT_PRE_CMR7	1	86-CMR-RM-KUR-YNG-01	QUALIFIED_PERSON_TARGET	0		true	1	1	86-CMR-KUR-119	ONE_DIRECTION_ONLY	Independent or analytically decisive speaker-side matrix state is present.
Kurena Kukumila	Erwin Marcel / Marcel	ABSENT_NO_WARRANT	NO_INDEPENDENT_REGISTER	0			0		false	0	0		NO_DIRECTION	No independent directed register is established at the locked source boundary.
Kurena Kukumila	Fido	ABSENT_NO_WARRANT	NO_INDEPENDENT_REGISTER	0			1	86-CMR-RM-FID-KUR-01	false	0	0		ONE_DIRECTION_ONLY	No independent directed register is established at the locked source boundary. Reverse direction exists independently and does not authorize this direction.
Anju Emma	Frederica Rosenfort	PRESENT	PRESENT_PRE_CMR7	2	86-CMR-RM-ANJ-FRE-01;86-CMR-RM-ANJ-FRE-02	EXACT_DYADIC	0		true	6	4	86-CMR-ANJ-022;86-CMR-ANJ-023;86-CMR-ANJ-055;86-CMR-ANJ-084;86-CMR-ANJ-094;86-CMR-ANJ-095	ONE_DIRECTION_ONLY	Independent or analytically decisive speaker-side matrix state is present.
Anju Emma	Shinei Nouzen	PRESENT	PRESENT_PRE_CMR7	2	86-CMR-RM-ANJ-SHI-01;86-CMR-RM-ANJ-SHI-02	EXACT_DYADIC	1	86-CMR-RM-SHI-ANJ-01	true	25	16	86-CMR-ANJ-005;86-CMR-ANJ-006;86-CMR-ANJ-007;86-CMR-ANJ-013;86-CMR-ANJ-014;86-CMR-ANJ-015;86-CMR-ANJ-016;86-CMR-ANJ-018;86-CMR-ANJ-023;86-CMR-ANJ-027;86-CMR-ANJ-029;86-CMR-ANJ-034	BIDIRECTIONAL	Independent or analytically decisive speaker-side matrix state is present.
Anju Emma	Vladilena Milizé	PRESENT	PRESENT_PRE_CMR7	1	86-CMR-RM-ANJ-LEN-01	EXACT_DYADIC	0		true	5	5	86-CMR-ANJ-057;86-CMR-ANJ-058;86-CMR-ANJ-060;86-CMR-ANJ-061;86-CMR-ANJ-134	ONE_DIRECTION_ONLY	Independent or analytically decisive speaker-side matrix state is present.
Anju Emma	Raiden Shuga	ABSENT_ADJUDICATED	RETAIN_COLLECTIVE_OR_INCIDENTAL	0			0		false	6	1	86-CMR-ANJ-016;86-CMR-ANJ-023;86-CMR-ANJ-055;86-CMR-ANJ-077;86-CMR-ANJ-106;86-CMR-ANJ-122	NO_DIRECTION	Candidate evidence was reviewed but remains collective, incidental, role-level, focalized through another subject or too narrow for an independent row.
Anju Emma	Theoto Rikka	PRESENT	PRESENT_PRE_CMR7	1	86-CMR-RM-ANJ-THE-01	EXACT_DYADIC	2	86-CMR-RM-THE-ANJ-01;86-CMR-RM-THE-ANJ-02	true	12	7	86-CMR-ANJ-007;86-CMR-ANJ-016;86-CMR-ANJ-017;86-CMR-ANJ-020;86-CMR-ANJ-023;86-CMR-ANJ-029;86-CMR-ANJ-051;86-CMR-ANJ-077;86-CMR-ANJ-079;86-CMR-ANJ-120;86-CMR-ANJ-132;86-CMR-ANJ-139	BIDIRECTIONAL	Independent or analytically decisive speaker-side matrix state is present.
Anju Emma	Kurena Kukumila	PRESENT	PRESENT_PRE_CMR7	2	86-CMR-RM-ANJ-KUR-01;86-CMR-RM-ANJ-KUR-02	EXACT_DYADIC	2	86-CMR-RM-KUR-ANJ-01;86-CMR-RM-KUR-ANJ-02	true	24	11	86-CMR-ANJ-007;86-CMR-ANJ-009;86-CMR-ANJ-012;86-CMR-ANJ-016;86-CMR-ANJ-023;86-CMR-ANJ-028;86-CMR-ANJ-051;86-CMR-ANJ-056;86-CMR-ANJ-057;86-CMR-ANJ-061;86-CMR-ANJ-077;86-CMR-ANJ-079	BIDIRECTIONAL	Independent or analytically decisive speaker-side matrix state is present.
Anju Emma	Shiden Iida	ABSENT_ADJUDICATED	RETAIN_COLLECTIVE_OR_INCIDENTAL	0			0		false	3	2	86-CMR-ANJ-057;86-CMR-ANJ-058;86-CMR-ANJ-065	NO_DIRECTION	Candidate evidence was reviewed but remains collective, incidental, role-level, focalized through another subject or too narrow for an independent row.
Anju Emma	Ernst Zimmermann	ABSENT_ADJUDICATED	RETAIN_COLLECTIVE_OR_INCIDENTAL	0			0		false	1	0	86-CMR-ANJ-055	NO_DIRECTION	Candidate evidence was reviewed but remains collective, incidental, role-level, focalized through another subject or too narrow for an independent row.
Anju Emma	Grethe Wenzel	PRESENT	ADDED_CMR7	1	86-CMR-RM-ANJ-GRE-01	EXACT_DYADIC	1	86-CMR-RM-GRE-ANJ-01	false	2	1	86-CMR-ANJ-057;86-CMR-ANJ-126	BIDIRECTIONAL	Independent or analytically decisive speaker-side matrix state is present.
Anju Emma	Annette Penrose	ABSENT_ADJUDICATED	RETAIN_COLLECTIVE_OR_INCIDENTAL	0			0		false	3	1	86-CMR-ANJ-057;86-CMR-ANJ-058;86-CMR-ANJ-088	NO_DIRECTION	Candidate evidence was reviewed but remains collective, incidental, role-level, focalized through another subject or too narrow for an independent row.
Anju Emma	Viktor Idinarohk / Vika	ABSENT_ADJUDICATED	RETAIN_COLLECTIVE_OR_INCIDENTAL	0			0		false	1	1	86-CMR-ANJ-092	NO_DIRECTION	Candidate evidence was reviewed but remains collective, incidental, role-level, focalized through another subject or too narrow for an independent row.
Anju Emma	Lerche	ABSENT_NO_WARRANT	NO_INDEPENDENT_REGISTER	0			0		false	0	0		NO_DIRECTION	No independent directed register is established at the locked source boundary.
Anju Emma	Rito Oriya	PRESENT	ADDED_CMR7	1	86-CMR-RM-ANJ-RIT-01	EXACT_DYADIC	1	86-CMR-RM-RIT-ANJ-01	false	1	1	86-CMR-ANJ-051	BIDIRECTIONAL	Independent or analytically decisive speaker-side matrix state is present.
Anju Emma	Erwin Marcel / Marcel	ABSENT_ADJUDICATED	RETAIN_COLLECTIVE_OR_INCIDENTAL	0			0		false	1	0	86-CMR-ANJ-092	NO_DIRECTION	Candidate evidence was reviewed but remains collective, incidental, role-level, focalized through another subject or too narrow for an independent row.
Anju Emma	Fido	ABSENT_ADJUDICATED	RETAIN_COLLECTIVE_OR_INCIDENTAL	0			1	86-CMR-RM-FID-ANJ-01	false	3	1	86-CMR-ANJ-028;86-CMR-ANJ-078;86-CMR-ANJ-081	ONE_DIRECTION_ONLY	Candidate evidence was reviewed but remains collective, incidental, role-level, focalized through another subject or too narrow for an independent row. Reverse direction exists independently and does not authorize this direction.
Shiden Iida	Frederica Rosenfort	PRESENT	PRESENT_PRE_CMR7	1	86-CMR-RM-SHD-FRE-01	EXACT_DYADIC	0		true	6	4	86-CMR-SHD-031;86-CMR-SHD-128;86-CMR-SHD-129;86-CMR-SHD-130;86-CMR-SHD-131;86-CMR-SHD-168	ONE_DIRECTION_ONLY	Independent or analytically decisive speaker-side matrix state is present.
Shiden Iida	Shinei Nouzen	PRESENT	PRESENT_PRE_CMR7	4	86-CMR-RM-SHD-SHI-01;86-CMR-RM-SHD-SHI-02;86-CMR-RM-SHD-SHI-03;86-CMR-RM-SHD-SHI-04	EXACT_DYADIC	1	86-CMR-RM-SHI-SHD-01	true	49	39	86-CMR-SHD-005;86-CMR-SHD-006;86-CMR-SHD-007;86-CMR-SHD-008;86-CMR-SHD-009;86-CMR-SHD-010;86-CMR-SHD-011;86-CMR-SHD-013;86-CMR-SHD-034;86-CMR-SHD-041;86-CMR-SHD-043;86-CMR-SHD-044	BIDIRECTIONAL	Independent or analytically decisive speaker-side matrix state is present.
Shiden Iida	Vladilena Milizé	PRESENT	PRESENT_PRE_CMR7	6	86-CMR-RM-SHD-LEN-01;86-CMR-RM-SHD-LEN-02;86-CMR-RM-SHD-LEN-03;86-CMR-RM-SHD-LEN-04;86-CMR-RM-SHD-LEN-05;86-CMR-RM-SHD-LEN-06	EXACT_DYADIC	1	86-CMR-RM-LEN-SHD-01	true	49	44	86-CMR-SHD-001;86-CMR-SHD-004;86-CMR-SHD-008;86-CMR-SHD-012;86-CMR-SHD-017;86-CMR-SHD-021;86-CMR-SHD-023;86-CMR-SHD-034;86-CMR-SHD-037;86-CMR-SHD-040;86-CMR-SHD-041;86-CMR-SHD-048	BIDIRECTIONAL	Independent or analytically decisive speaker-side matrix state is present.
Shiden Iida	Raiden Shuga	PRESENT	PRESENT_PRE_CMR7	1	86-CMR-RM-SHD-RAI-01	EXACT_DYADIC	0		true	10	5	86-CMR-SHD-017;86-CMR-SHD-031;86-CMR-SHD-042;86-CMR-SHD-127;86-CMR-SHD-143;86-CMR-SHD-145;86-CMR-SHD-154;86-CMR-SHD-155;86-CMR-SHD-156;86-CMR-SHD-168	ONE_DIRECTION_ONLY	Independent or analytically decisive speaker-side matrix state is present.
Shiden Iida	Theoto Rikka	PRESENT	ADDED_CMR7	1	86-CMR-RM-SHD-THE-01	EXACT_DYADIC	0		false	7	3	86-CMR-SHD-042;86-CMR-SHD-052;86-CMR-SHD-157;86-CMR-SHD-168;86-CMR-SHD-169;86-CMR-SHD-170;86-CMR-SHD-173	ONE_DIRECTION_ONLY	Independent or analytically decisive speaker-side matrix state is present.
Shiden Iida	Kurena Kukumila	ABSENT_ADJUDICATED	RETAIN_COLLECTIVE_OR_INCIDENTAL	0			1	86-CMR-RM-KUR-SHD-01	false	5	0	86-CMR-SHD-042;86-CMR-SHD-117;86-CMR-SHD-161;86-CMR-SHD-164;86-CMR-SHD-168	ONE_DIRECTION_ONLY	Candidate evidence was reviewed but remains collective, incidental, role-level, focalized through another subject or too narrow for an independent row. Reverse direction exists independently and does not authorize this direction.
Shiden Iida	Anju Emma	ABSENT_ADJUDICATED	RETAIN_COLLECTIVE_OR_INCIDENTAL	0			0		false	4	0	86-CMR-SHD-042;86-CMR-SHD-127;86-CMR-SHD-164;86-CMR-SHD-168	NO_DIRECTION	Candidate evidence was reviewed but remains collective, incidental, role-level, focalized through another subject or too narrow for an independent row.
Shiden Iida	Ernst Zimmermann	ABSENT_NO_WARRANT	NO_INDEPENDENT_REGISTER	0			0		false	0	0		NO_DIRECTION	No independent directed register is established at the locked source boundary.
Shiden Iida	Grethe Wenzel	ABSENT_NO_WARRANT	NO_INDEPENDENT_REGISTER	0			0		false	0	0		NO_DIRECTION	No independent directed register is established at the locked source boundary.
Shiden Iida	Annette Penrose	ABSENT_NO_WARRANT	NO_INDEPENDENT_REGISTER	0			0		false	0	0		NO_DIRECTION	No independent directed register is established at the locked source boundary.
Shiden Iida	Viktor Idinarohk / Vika	PRESENT	ADDED_CMR7	1	86-CMR-RM-SHD-VIK-01	EXACT_DYADIC	0		false	8	6	86-CMR-SHD-035;86-CMR-SHD-036;86-CMR-SHD-037;86-CMR-SHD-039;86-CMR-SHD-132;86-CMR-SHD-149;86-CMR-SHD-151;86-CMR-SHD-153	ONE_DIRECTION_ONLY	Independent or analytically decisive speaker-side matrix state is present.
Shiden Iida	Lerche	ABSENT_ADJUDICATED	RETAIN_COLLECTIVE_OR_INCIDENTAL	0			0		false	1	1	86-CMR-SHD-173	NO_DIRECTION	Candidate evidence was reviewed but remains collective, incidental, role-level, focalized through another subject or too narrow for an independent row.
Shiden Iida	Rito Oriya	ABSENT_ADJUDICATED	RETAIN_COLLECTIVE_OR_INCIDENTAL	0			0		false	3	0	86-CMR-SHD-145;86-CMR-SHD-154;86-CMR-SHD-168	NO_DIRECTION	Candidate evidence was reviewed but remains collective, incidental, role-level, focalized through another subject or too narrow for an independent row.
Shiden Iida	Erwin Marcel / Marcel	ABSENT_ADJUDICATED	RETAIN_COLLECTIVE_OR_INCIDENTAL	0			0		false	1	0	86-CMR-SHD-168	NO_DIRECTION	Candidate evidence was reviewed but remains collective, incidental, role-level, focalized through another subject or too narrow for an independent row.
Shiden Iida	Fido	PRESENT	ADDED_CMR7	1	86-CMR-RM-SHD-FID-01	EXACT_DYADIC	0		false	3	3	86-CMR-SHD-149;86-CMR-SHD-152;86-CMR-SHD-153	ONE_DIRECTION_ONLY	Independent or analytically decisive speaker-side matrix state is present.
Ernst Zimmermann	Frederica Rosenfort	PRESENT	PRESENT_PRE_CMR7	3	86-CMR-RM-ERN-FRE-01;86-CMR-RM-ERN-FRE-02;86-CMR-RM-ERN-FRE-03	EXACT_DYADIC	2	86-CMR-RM-FRE-ERN-01;86-CMR-RM-FRE-ERN-02	true	68	64	86-CMR-ERN-030;86-CMR-ERN-031;86-CMR-ERN-032;86-CMR-ERN-033;86-CMR-ERN-034;86-CMR-ERN-035;86-CMR-ERN-036;86-CMR-ERN-037;86-CMR-ERN-038;86-CMR-ERN-039;86-CMR-ERN-040;86-CMR-ERN-041	BIDIRECTIONAL	Independent or analytically decisive speaker-side matrix state is present.
Ernst Zimmermann	Shinei Nouzen	PRESENT	PRESENT_PRE_CMR7	2	86-CMR-RM-ERN-SHI-01;86-CMR-RM-ERN-SHI-02	EXACT_DYADIC	0		true	61	55	86-CMR-ERN-022;86-CMR-ERN-023;86-CMR-ERN-024;86-CMR-ERN-025;86-CMR-ERN-026;86-CMR-ERN-027;86-CMR-ERN-028;86-CMR-ERN-029;86-CMR-ERN-057;86-CMR-ERN-064;86-CMR-ERN-065;86-CMR-ERN-066	ONE_DIRECTION_ONLY	Independent or analytically decisive speaker-side matrix state is present.
Ernst Zimmermann	Vladilena Milizé	ABSENT_ADJUDICATED	RETAIN_COLLECTIVE_OR_INCIDENTAL	0			0		false	7	7	86-CMR-ERN-225;86-CMR-ERN-226;86-CMR-ERN-227;86-CMR-ERN-228;86-CMR-ERN-229;86-CMR-ERN-230;86-CMR-ERN-231	NO_DIRECTION	Candidate evidence was reviewed but remains collective, incidental, role-level, focalized through another subject or too narrow for an independent row.
Ernst Zimmermann	Raiden Shuga	ABSENT_ADJUDICATED	RETAIN_COLLECTIVE_OR_INCIDENTAL	0			0		false	16	11	86-CMR-ERN-057;86-CMR-ERN-064;86-CMR-ERN-065;86-CMR-ERN-066;86-CMR-ERN-067;86-CMR-ERN-068;86-CMR-ERN-069;86-CMR-ERN-070;86-CMR-ERN-071;86-CMR-ERN-072;86-CMR-ERN-073;86-CMR-ERN-074	NO_DIRECTION	Candidate evidence was reviewed but remains collective, incidental, role-level, focalized through another subject or too narrow for an independent row.
Ernst Zimmermann	Theoto Rikka	PRESENT	PRESENT_PRE_CMR7	1	86-CMR-RM-ERN-THE-01	EXACT_DYADIC	1	86-CMR-RM-THE-ERN-01	true	37	32	86-CMR-ERN-022;86-CMR-ERN-023;86-CMR-ERN-024;86-CMR-ERN-025;86-CMR-ERN-026;86-CMR-ERN-027;86-CMR-ERN-028;86-CMR-ERN-029;86-CMR-ERN-053;86-CMR-ERN-057;86-CMR-ERN-167;86-CMR-ERN-168	BIDIRECTIONAL	Independent or analytically decisive speaker-side matrix state is present.
Ernst Zimmermann	Kurena Kukumila	ABSENT_ADJUDICATED	RETAIN_COLLECTIVE_OR_INCIDENTAL	0			0		false	2	0	86-CMR-ERN-057;86-CMR-ERN-227	NO_DIRECTION	Candidate evidence was reviewed but remains collective, incidental, role-level, focalized through another subject or too narrow for an independent row.
Ernst Zimmermann	Anju Emma	ABSENT_ADJUDICATED	RETAIN_COLLECTIVE_OR_INCIDENTAL	0			0		false	2	0	86-CMR-ERN-057;86-CMR-ERN-227	NO_DIRECTION	Candidate evidence was reviewed but remains collective, incidental, role-level, focalized through another subject or too narrow for an independent row.
Ernst Zimmermann	Shiden Iida	ABSENT_NO_WARRANT	NO_INDEPENDENT_REGISTER	0			0		false	0	0		NO_DIRECTION	No independent directed register is established at the locked source boundary.
Ernst Zimmermann	Grethe Wenzel	PRESENT	PRESENT_PRE_CMR7	1	86-CMR-RM-ERN-GRE-01	EXACT_DYADIC	1	86-CMR-RM-GRE-ERN-01	true	8	8	86-CMR-ERN-199;86-CMR-ERN-200;86-CMR-ERN-201;86-CMR-ERN-202;86-CMR-ERN-203;86-CMR-ERN-204;86-CMR-ERN-205;86-CMR-ERN-206	BIDIRECTIONAL	Independent or analytically decisive speaker-side matrix state is present.
Ernst Zimmermann	Annette Penrose	ABSENT_ADJUDICATED	RETAIN_COLLECTIVE_OR_INCIDENTAL	0			0		false	2	2	86-CMR-ERN-225;86-CMR-ERN-226	NO_DIRECTION	Candidate evidence was reviewed but remains collective, incidental, role-level, focalized through another subject or too narrow for an independent row.
Ernst Zimmermann	Viktor Idinarohk / Vika	ABSENT_NO_WARRANT	NO_INDEPENDENT_REGISTER	0			0		false	0	0		NO_DIRECTION	No independent directed register is established at the locked source boundary.
Ernst Zimmermann	Lerche	ABSENT_NO_WARRANT	NO_INDEPENDENT_REGISTER	0			0		false	0	0		NO_DIRECTION	No independent directed register is established at the locked source boundary.
Ernst Zimmermann	Rito Oriya	ABSENT_NO_WARRANT	NO_INDEPENDENT_REGISTER	0			0		false	0	0		NO_DIRECTION	No independent directed register is established at the locked source boundary.
Ernst Zimmermann	Erwin Marcel / Marcel	ABSENT_NO_WARRANT	NO_INDEPENDENT_REGISTER	0			0		false	0	0		NO_DIRECTION	No independent directed register is established at the locked source boundary.
Ernst Zimmermann	Fido	ABSENT_NO_WARRANT	NO_INDEPENDENT_REGISTER	0			0		false	0	0		NO_DIRECTION	No independent directed register is established at the locked source boundary.
Grethe Wenzel	Frederica Rosenfort	PRESENT	PRESENT_PRE_CMR7	1	86-CMR-RM-GRE-FRE-01	EXACT_DYADIC	0		false	21	21	86-CMR-GRE-002;86-CMR-GRE-010;86-CMR-GRE-021;86-CMR-GRE-051;86-CMR-GRE-052;86-CMR-GRE-057;86-CMR-GRE-060;86-CMR-GRE-068;86-CMR-GRE-074;86-CMR-GRE-078;86-CMR-GRE-079;86-CMR-GRE-080	ONE_DIRECTION_ONLY	Independent or analytically decisive speaker-side matrix state is present.
Grethe Wenzel	Shinei Nouzen	PRESENT	PRESENT_PRE_CMR7	3	86-CMR-RM-GRE-SHI-01;86-CMR-RM-GRE-SHI-02;86-CMR-RM-GRE-SHI-03	EXACT_DYADIC	0		true	95	89	86-CMR-GRE-002;86-CMR-GRE-003;86-CMR-GRE-004;86-CMR-GRE-005;86-CMR-GRE-006;86-CMR-GRE-007;86-CMR-GRE-008;86-CMR-GRE-009;86-CMR-GRE-010;86-CMR-GRE-011;86-CMR-GRE-014;86-CMR-GRE-016	ONE_DIRECTION_ONLY	Independent or analytically decisive speaker-side matrix state is present.
Grethe Wenzel	Vladilena Milizé	PRESENT	PRESENT_PRE_CMR7	2	86-CMR-RM-GRE-LEN-01;86-CMR-RM-GRE-LEN-02	EXACT_DYADIC	0		true	82	78	86-CMR-GRE-031;86-CMR-GRE-032;86-CMR-GRE-033;86-CMR-GRE-034;86-CMR-GRE-035;86-CMR-GRE-036;86-CMR-GRE-038;86-CMR-GRE-039;86-CMR-GRE-040;86-CMR-GRE-043;86-CMR-GRE-044;86-CMR-GRE-045	ONE_DIRECTION_ONLY	Independent or analytically decisive speaker-side matrix state is present.
Grethe Wenzel	Raiden Shuga	ABSENT_ADJUDICATED	RETAIN_COLLECTIVE_OR_INCIDENTAL	0			0		false	29	22	86-CMR-GRE-003;86-CMR-GRE-005;86-CMR-GRE-010;86-CMR-GRE-032;86-CMR-GRE-037;86-CMR-GRE-048;86-CMR-GRE-051;86-CMR-GRE-052;86-CMR-GRE-053;86-CMR-GRE-061;86-CMR-GRE-063;86-CMR-GRE-064	NO_DIRECTION	Candidate evidence was reviewed but remains collective, incidental, role-level, focalized through another subject or too narrow for an independent row.
Grethe Wenzel	Theoto Rikka	ABSENT_ADJUDICATED	RETAIN_COLLECTIVE_OR_INCIDENTAL	0			0		false	9	4	86-CMR-GRE-005;86-CMR-GRE-074;86-CMR-GRE-078;86-CMR-GRE-127;86-CMR-GRE-140;86-CMR-GRE-141;86-CMR-GRE-142;86-CMR-GRE-150;86-CMR-GRE-154	NO_DIRECTION	Candidate evidence was reviewed but remains collective, incidental, role-level, focalized through another subject or too narrow for an independent row.
Grethe Wenzel	Kurena Kukumila	ABSENT_ADJUDICATED	RETAIN_COLLECTIVE_OR_INCIDENTAL	0			0		false	13	7	86-CMR-GRE-005;86-CMR-GRE-041;86-CMR-GRE-052;86-CMR-GRE-065;86-CMR-GRE-068;86-CMR-GRE-074;86-CMR-GRE-078;86-CMR-GRE-084;86-CMR-GRE-109;86-CMR-GRE-122;86-CMR-GRE-126;86-CMR-GRE-127	NO_DIRECTION	Candidate evidence was reviewed but remains collective, incidental, role-level, focalized through another subject or too narrow for an independent row.
Grethe Wenzel	Anju Emma	PRESENT	PRESENT_PRE_CMR7	1	86-CMR-RM-GRE-ANJ-01	EXACT_DYADIC	1	86-CMR-RM-ANJ-GRE-01	true	13	12	86-CMR-GRE-006;86-CMR-GRE-065;86-CMR-GRE-068;86-CMR-GRE-074;86-CMR-GRE-078;86-CMR-GRE-080;86-CMR-GRE-084;86-CMR-GRE-099;86-CMR-GRE-109;86-CMR-GRE-112;86-CMR-GRE-127;86-CMR-GRE-133	BIDIRECTIONAL	Independent or analytically decisive speaker-side matrix state is present.
Grethe Wenzel	Shiden Iida	ABSENT_ADJUDICATED	RETAIN_COLLECTIVE_OR_INCIDENTAL	0			0		false	9	6	86-CMR-GRE-040;86-CMR-GRE-048;86-CMR-GRE-051;86-CMR-GRE-061;86-CMR-GRE-078;86-CMR-GRE-080;86-CMR-GRE-117;86-CMR-GRE-121;86-CMR-GRE-135	NO_DIRECTION	Candidate evidence was reviewed but remains collective, incidental, role-level, focalized through another subject or too narrow for an independent row.
Grethe Wenzel	Ernst Zimmermann	PRESENT	PRESENT_PRE_CMR7	1	86-CMR-RM-GRE-ERN-01	EXACT_DYADIC	1	86-CMR-RM-ERN-GRE-01	true	6	5	86-CMR-GRE-039;86-CMR-GRE-050;86-CMR-GRE-122;86-CMR-GRE-123;86-CMR-GRE-147;86-CMR-GRE-161	BIDIRECTIONAL	Independent or analytically decisive speaker-side matrix state is present.
Grethe Wenzel	Annette Penrose	PRESENT	PRESENT_PRE_CMR7	1	86-CMR-RM-GRE-ANN-01	EXACT_DYADIC	1	86-CMR-RM-ANN-GRE-01	true	23	22	86-CMR-GRE-035;86-CMR-GRE-040;86-CMR-GRE-044;86-CMR-GRE-045;86-CMR-GRE-047;86-CMR-GRE-048;86-CMR-GRE-049;86-CMR-GRE-051;86-CMR-GRE-052;86-CMR-GRE-054;86-CMR-GRE-057;86-CMR-GRE-060	BIDIRECTIONAL	Independent or analytically decisive speaker-side matrix state is present.
Grethe Wenzel	Viktor Idinarohk / Vika	ABSENT_ADJUDICATED	RETAIN_COLLECTIVE_OR_INCIDENTAL	0			0		false	20	13	86-CMR-GRE-046;86-CMR-GRE-051;86-CMR-GRE-056;86-CMR-GRE-057;86-CMR-GRE-059;86-CMR-GRE-069;86-CMR-GRE-070;86-CMR-GRE-072;86-CMR-GRE-074;86-CMR-GRE-078;86-CMR-GRE-087;86-CMR-GRE-094	NO_DIRECTION	Candidate evidence was reviewed but remains collective, incidental, role-level, focalized through another subject or too narrow for an independent row.
Grethe Wenzel	Lerche	ABSENT_ADJUDICATED	RETAIN_COLLECTIVE_OR_INCIDENTAL	0			0		false	1	0	86-CMR-GRE-069	NO_DIRECTION	Candidate evidence was reviewed but remains collective, incidental, role-level, focalized through another subject or too narrow for an independent row.
Grethe Wenzel	Rito Oriya	ABSENT_ADJUDICATED	RETAIN_COLLECTIVE_OR_INCIDENTAL	0			0		false	3	0	86-CMR-GRE-040;86-CMR-GRE-078;86-CMR-GRE-134	NO_DIRECTION	Candidate evidence was reviewed but remains collective, incidental, role-level, focalized through another subject or too narrow for an independent row.
Grethe Wenzel	Erwin Marcel / Marcel	ABSENT_ADJUDICATED	RETAIN_COLLECTIVE_OR_INCIDENTAL	0			1	86-CMR-RM-MAR-GRE-01	false	8	5	86-CMR-GRE-073;86-CMR-GRE-074;86-CMR-GRE-078;86-CMR-GRE-100;86-CMR-GRE-112;86-CMR-GRE-119;86-CMR-GRE-148;86-CMR-GRE-154	ONE_DIRECTION_ONLY	Candidate evidence was reviewed but remains collective, incidental, role-level, focalized through another subject or too narrow for an independent row. Reverse direction exists independently and does not authorize this direction.
Grethe Wenzel	Fido	ABSENT_ADJUDICATED	RETAIN_COLLECTIVE_OR_INCIDENTAL	0			0		false	4	0	86-CMR-GRE-008;86-CMR-GRE-074;86-CMR-GRE-091;86-CMR-GRE-151	NO_DIRECTION	Candidate evidence was reviewed but remains collective, incidental, role-level, focalized through another subject or too narrow for an independent row.
Annette Penrose	Frederica Rosenfort	PRESENT	PRESENT_PRE_CMR7	1	86-CMR-RM-ANN-FRE-01	EXACT_DYADIC	1	86-CMR-RM-FRE-ANN-01	true	19	19	86-CMR-ANN-031;86-CMR-ANN-032;86-CMR-ANN-040;86-CMR-ANN-042;86-CMR-ANN-057;86-CMR-ANN-058;86-CMR-ANN-062;86-CMR-ANN-063;86-CMR-ANN-064;86-CMR-ANN-073;86-CMR-ANN-089;86-CMR-ANN-090	BIDIRECTIONAL	Independent or analytically decisive speaker-side matrix state is present.
Annette Penrose	Shinei Nouzen	PRESENT	PRESENT_PRE_CMR7	3	86-CMR-RM-ANN-SHI-01;86-CMR-RM-ANN-SHI-02;86-CMR-RM-ANN-SHI-03	EXACT_DYADIC	2	86-CMR-RM-SHI-ANN-01;86-CMR-RM-SHI-ANN-02	true	93	92	86-CMR-ANN-015;86-CMR-ANN-018;86-CMR-ANN-020;86-CMR-ANN-021;86-CMR-ANN-023;86-CMR-ANN-024;86-CMR-ANN-026;86-CMR-ANN-027;86-CMR-ANN-028;86-CMR-ANN-029;86-CMR-ANN-030;86-CMR-ANN-031	BIDIRECTIONAL	Independent or analytically decisive speaker-side matrix state is present.
Annette Penrose	Vladilena Milizé	PRESENT	PRESENT_PRE_CMR7	4	86-CMR-RM-ANN-LEN-01;86-CMR-RM-ANN-LEN-02;86-CMR-RM-ANN-LEN-03;86-CMR-RM-ANN-LEN-04	EXACT_DYADIC	2	86-CMR-RM-LEN-ANN-01;86-CMR-RM-LEN-ANN-02	true	120	118	86-CMR-ANN-001;86-CMR-ANN-002;86-CMR-ANN-003;86-CMR-ANN-004;86-CMR-ANN-005;86-CMR-ANN-006;86-CMR-ANN-007;86-CMR-ANN-009;86-CMR-ANN-011;86-CMR-ANN-013;86-CMR-ANN-014;86-CMR-ANN-015	BIDIRECTIONAL	Independent or analytically decisive speaker-side matrix state is present.
Annette Penrose	Raiden Shuga	ABSENT_ADJUDICATED	RETAIN_COLLECTIVE_OR_INCIDENTAL	0			0		false	18	7	86-CMR-ANN-057;86-CMR-ANN-058;86-CMR-ANN-083;86-CMR-ANN-089;86-CMR-ANN-090;86-CMR-ANN-091;86-CMR-ANN-095;86-CMR-ANN-096;86-CMR-ANN-100;86-CMR-ANN-119;86-CMR-ANN-124;86-CMR-ANN-143	NO_DIRECTION	Candidate evidence was reviewed but remains collective, incidental, role-level, focalized through another subject or too narrow for an independent row.
Annette Penrose	Theoto Rikka	PRESENT	PRESENT_PRE_CMR7	4	86-CMR-RM-ANN-THE-01;86-CMR-RM-ANN-THE-02;86-CMR-RM-ANN-THE-03;86-CMR-RM-ANN-THE-04	EXACT_DYADIC	2	86-CMR-RM-THE-ANN-01;86-CMR-RM-THE-ANN-02	true	33	33	86-CMR-ANN-074;86-CMR-ANN-083;86-CMR-ANN-089;86-CMR-ANN-090;86-CMR-ANN-091;86-CMR-ANN-095;86-CMR-ANN-096;86-CMR-ANN-102;86-CMR-ANN-103;86-CMR-ANN-104;86-CMR-ANN-105;86-CMR-ANN-120	BIDIRECTIONAL	Independent or analytically decisive speaker-side matrix state is present.
Annette Penrose	Kurena Kukumila	ABSENT_ADJUDICATED	RETAIN_COLLECTIVE_OR_INCIDENTAL	0			0		false	11	2	86-CMR-ANN-058;86-CMR-ANN-073;86-CMR-ANN-089;86-CMR-ANN-090;86-CMR-ANN-091;86-CMR-ANN-096;86-CMR-ANN-100;86-CMR-ANN-135;86-CMR-ANN-144;86-CMR-ANN-149;86-CMR-ANN-176	NO_DIRECTION	Candidate evidence was reviewed but remains collective, incidental, role-level, focalized through another subject or too narrow for an independent row.
Annette Penrose	Anju Emma	ABSENT_ADJUDICATED	RETAIN_COLLECTIVE_OR_INCIDENTAL	0			0		false	12	5	86-CMR-ANN-024;86-CMR-ANN-073;86-CMR-ANN-089;86-CMR-ANN-090;86-CMR-ANN-091;86-CMR-ANN-096;86-CMR-ANN-100;86-CMR-ANN-117;86-CMR-ANN-123;86-CMR-ANN-144;86-CMR-ANN-149;86-CMR-ANN-176	NO_DIRECTION	Candidate evidence was reviewed but remains collective, incidental, role-level, focalized through another subject or too narrow for an independent row.
Annette Penrose	Shiden Iida	ABSENT_ADJUDICATED	RETAIN_COLLECTIVE_OR_INCIDENTAL	0			0		false	11	7	86-CMR-ANN-057;86-CMR-ANN-072;86-CMR-ANN-081;86-CMR-ANN-089;86-CMR-ANN-094;86-CMR-ANN-096;86-CMR-ANN-097;86-CMR-ANN-099;86-CMR-ANN-140;86-CMR-ANN-176;86-CMR-ANN-183	NO_DIRECTION	Candidate evidence was reviewed but remains collective, incidental, role-level, focalized through another subject or too narrow for an independent row.
Annette Penrose	Ernst Zimmermann	ABSENT_ADJUDICATED	RETAIN_COLLECTIVE_OR_INCIDENTAL	0			0		false	2	1	86-CMR-ANN-091;86-CMR-ANN-173	NO_DIRECTION	Candidate evidence was reviewed but remains collective, incidental, role-level, focalized through another subject or too narrow for an independent row.
Annette Penrose	Grethe Wenzel	PRESENT	PRESENT_PRE_CMR7	1	86-CMR-RM-ANN-GRE-01	EXACT_DYADIC	1	86-CMR-RM-GRE-ANN-01	true	21	15	86-CMR-ANN-022;86-CMR-ANN-023;86-CMR-ANN-054;86-CMR-ANN-056;86-CMR-ANN-057;86-CMR-ANN-058;86-CMR-ANN-060;86-CMR-ANN-062;86-CMR-ANN-063;86-CMR-ANN-073;86-CMR-ANN-076;86-CMR-ANN-090	BIDIRECTIONAL	Independent or analytically decisive speaker-side matrix state is present.
Annette Penrose	Viktor Idinarohk / Vika	PRESENT	PRESENT_PRE_CMR7	1	86-CMR-RM-ANN-VIK-01	EXACT_DYADIC	1	86-CMR-RM-VIK-ANN-01	true	18	16	86-CMR-ANN-057;86-CMR-ANN-061;86-CMR-ANN-062;86-CMR-ANN-070;86-CMR-ANN-071;86-CMR-ANN-076;86-CMR-ANN-079;86-CMR-ANN-089;86-CMR-ANN-090;86-CMR-ANN-091;86-CMR-ANN-093;86-CMR-ANN-096	BIDIRECTIONAL	Independent or analytically decisive speaker-side matrix state is present.
Annette Penrose	Lerche	ABSENT_ADJUDICATED	RETAIN_COLLECTIVE_OR_INCIDENTAL	0			0		false	1	0	86-CMR-ANN-076	NO_DIRECTION	Candidate evidence was reviewed but remains collective, incidental, role-level, focalized through another subject or too narrow for an independent row.
Annette Penrose	Rito Oriya	ABSENT_ADJUDICATED	RETAIN_COLLECTIVE_OR_INCIDENTAL	0			0		false	3	0	86-CMR-ANN-096;86-CMR-ANN-147;86-CMR-ANN-151	NO_DIRECTION	Candidate evidence was reviewed but remains collective, incidental, role-level, focalized through another subject or too narrow for an independent row.
Annette Penrose	Erwin Marcel / Marcel	ABSENT_ADJUDICATED	RETAIN_COLLECTIVE_OR_INCIDENTAL	0			0		false	7	0	86-CMR-ANN-083;86-CMR-ANN-089;86-CMR-ANN-090;86-CMR-ANN-096;86-CMR-ANN-123;86-CMR-ANN-160;86-CMR-ANN-175	NO_DIRECTION	Candidate evidence was reviewed but remains collective, incidental, role-level, focalized through another subject or too narrow for an independent row.
Annette Penrose	Fido	ABSENT_ADJUDICATED	RETAIN_COLLECTIVE_OR_INCIDENTAL	0			0		false	10	0	86-CMR-ANN-066;86-CMR-ANN-077;86-CMR-ANN-078;86-CMR-ANN-079;86-CMR-ANN-090;86-CMR-ANN-099;86-CMR-ANN-106;86-CMR-ANN-141;86-CMR-ANN-160;86-CMR-ANN-182	NO_DIRECTION	Candidate evidence was reviewed but remains collective, incidental, role-level, focalized through another subject or too narrow for an independent row.
Viktor Idinarohk / Vika	Frederica Rosenfort	PRESENT	PRESENT_PRE_CMR7	1	86-CMR-RM-VIK-FRE-01	EXACT_DYADIC	1	86-CMR-RM-FRE-VIK-01	true	26	24	86-CMR-VIK-009;86-CMR-VIK-013;86-CMR-VIK-020;86-CMR-VIK-027;86-CMR-VIK-032;86-CMR-VIK-036;86-CMR-VIK-056;86-CMR-VIK-067;86-CMR-VIK-071;86-CMR-VIK-090;86-CMR-VIK-101;86-CMR-VIK-102	BIDIRECTIONAL	Independent or analytically decisive speaker-side matrix state is present.
Viktor Idinarohk / Vika	Shinei Nouzen	PRESENT	PRESENT_PRE_CMR7	3	86-CMR-RM-VIK-SHI-01;86-CMR-RM-VIK-SHI-02;86-CMR-RM-VIK-SHI-03	EXACT_DYADIC	1	86-CMR-RM-SHI-VIK-01	true	109	108	86-CMR-VIK-007;86-CMR-VIK-008;86-CMR-VIK-009;86-CMR-VIK-010;86-CMR-VIK-011;86-CMR-VIK-013;86-CMR-VIK-014;86-CMR-VIK-015;86-CMR-VIK-019;86-CMR-VIK-020;86-CMR-VIK-021;86-CMR-VIK-022	BIDIRECTIONAL	Independent or analytically decisive speaker-side matrix state is present.
Viktor Idinarohk / Vika	Vladilena Milizé	PRESENT	PRESENT_PRE_CMR7	2	86-CMR-RM-VIK-LEN-01;86-CMR-RM-VIK-LEN-02	EXACT_DYADIC	1	86-CMR-RM-LEN-VIK-01	true	98	98	86-CMR-VIK-004;86-CMR-VIK-005;86-CMR-VIK-006;86-CMR-VIK-007;86-CMR-VIK-008;86-CMR-VIK-010;86-CMR-VIK-011;86-CMR-VIK-012;86-CMR-VIK-013;86-CMR-VIK-014;86-CMR-VIK-021;86-CMR-VIK-022	BIDIRECTIONAL	Independent or analytically decisive speaker-side matrix state is present.
Viktor Idinarohk / Vika	Raiden Shuga	PRESENT	ADDED_CMR7	1	86-CMR-RM-VIK-RAI-01	EXACT_DYADIC	1	86-CMR-RM-RAI-VIK-01	false	32	19	86-CMR-VIK-009;86-CMR-VIK-013;86-CMR-VIK-020;86-CMR-VIK-032;86-CMR-VIK-034;86-CMR-VIK-048;86-CMR-VIK-076;86-CMR-VIK-080;86-CMR-VIK-099;86-CMR-VIK-101;86-CMR-VIK-102;86-CMR-VIK-105	BIDIRECTIONAL	Independent or analytically decisive speaker-side matrix state is present.
Viktor Idinarohk / Vika	Theoto Rikka	PRESENT	ADDED_CMR7	1	86-CMR-RM-VIK-THE-01	EXACT_DYADIC	1	86-CMR-RM-THE-VIK-01	false	14	5	86-CMR-VIK-032;86-CMR-VIK-063;86-CMR-VIK-099;86-CMR-VIK-101;86-CMR-VIK-102;86-CMR-VIK-105;86-CMR-VIK-106;86-CMR-VIK-109;86-CMR-VIK-125;86-CMR-VIK-128;86-CMR-VIK-174;86-CMR-VIK-182	BIDIRECTIONAL	Independent or analytically decisive speaker-side matrix state is present.
Viktor Idinarohk / Vika	Kurena Kukumila	ABSENT_ADJUDICATED	RETAIN_COLLECTIVE_OR_INCIDENTAL	0			0		false	12	0	86-CMR-VIK-032;86-CMR-VIK-063;86-CMR-VIK-067;86-CMR-VIK-072;86-CMR-VIK-101;86-CMR-VIK-102;86-CMR-VIK-105;86-CMR-VIK-109;86-CMR-VIK-165;86-CMR-VIK-174;86-CMR-VIK-183;86-CMR-VIK-195	NO_DIRECTION	Candidate evidence was reviewed but remains collective, incidental, role-level, focalized through another subject or too narrow for an independent row.
Viktor Idinarohk / Vika	Anju Emma	ABSENT_ADJUDICATED	RETAIN_COLLECTIVE_OR_INCIDENTAL	0			0		false	14	0	86-CMR-VIK-032;86-CMR-VIK-034;86-CMR-VIK-063;86-CMR-VIK-067;86-CMR-VIK-072;86-CMR-VIK-101;86-CMR-VIK-102;86-CMR-VIK-105;86-CMR-VIK-109;86-CMR-VIK-150;86-CMR-VIK-160;86-CMR-VIK-174	NO_DIRECTION	Candidate evidence was reviewed but remains collective, incidental, role-level, focalized through another subject or too narrow for an independent row.
Viktor Idinarohk / Vika	Shiden Iida	ABSENT_ADJUDICATED	RETAIN_COLLECTIVE_OR_INCIDENTAL	0			1	86-CMR-RM-SHD-VIK-01	false	13	0	86-CMR-VIK-009;86-CMR-VIK-013;86-CMR-VIK-021;86-CMR-VIK-022;86-CMR-VIK-024;86-CMR-VIK-025;86-CMR-VIK-059;86-CMR-VIK-101;86-CMR-VIK-109;86-CMR-VIK-180;86-CMR-VIK-183;86-CMR-VIK-185	ONE_DIRECTION_ONLY	Candidate evidence was reviewed but remains collective, incidental, role-level, focalized through another subject or too narrow for an independent row. Reverse direction exists independently and does not authorize this direction.
Viktor Idinarohk / Vika	Ernst Zimmermann	ABSENT_ADJUDICATED	RETAIN_COLLECTIVE_OR_INCIDENTAL	0			0		false	2	0	86-CMR-VIK-163;86-CMR-VIK-172	NO_DIRECTION	Candidate evidence was reviewed but remains collective, incidental, role-level, focalized through another subject or too narrow for an independent row.
Viktor Idinarohk / Vika	Grethe Wenzel	ABSENT_ADJUDICATED	RETAIN_COLLECTIVE_OR_INCIDENTAL	0			0		false	18	0	86-CMR-VIK-004;86-CMR-VIK-013;86-CMR-VIK-056;86-CMR-VIK-060;86-CMR-VIK-085;86-CMR-VIK-087;86-CMR-VIK-102;86-CMR-VIK-109;86-CMR-VIK-134;86-CMR-VIK-139;86-CMR-VIK-143;86-CMR-VIK-153	NO_DIRECTION	Candidate evidence was reviewed but remains collective, incidental, role-level, focalized through another subject or too narrow for an independent row.
Viktor Idinarohk / Vika	Annette Penrose	PRESENT	PRESENT_PRE_CMR7	1	86-CMR-RM-VIK-ANN-01	EXACT_DYADIC	1	86-CMR-RM-ANN-VIK-01	true	20	16	86-CMR-VIK-013;86-CMR-VIK-053;86-CMR-VIK-056;86-CMR-VIK-081;86-CMR-VIK-082;86-CMR-VIK-085;86-CMR-VIK-092;86-CMR-VIK-095;86-CMR-VIK-100;86-CMR-VIK-101;86-CMR-VIK-102;86-CMR-VIK-105	BIDIRECTIONAL	Independent or analytically decisive speaker-side matrix state is present.
Viktor Idinarohk / Vika	Lerche	PRESENT	PRESENT_PRE_CMR7	3	86-CMR-RM-VIK-LER-01;86-CMR-RM-VIK-LER-02;86-CMR-RM-VIK-LER-03	EXACT_DYADIC	4	86-CMR-RM-LER-VIK-01;86-CMR-RM-LER-VIK-02;86-CMR-RM-LER-VIK-03;86-CMR-RM-LER-VIK-04	true	53	53	86-CMR-VIK-007;86-CMR-VIK-008;86-CMR-VIK-010;86-CMR-VIK-021;86-CMR-VIK-022;86-CMR-VIK-024;86-CMR-VIK-025;86-CMR-VIK-027;86-CMR-VIK-028;86-CMR-VIK-029;86-CMR-VIK-031;86-CMR-VIK-034	BIDIRECTIONAL	Independent or analytically decisive speaker-side matrix state is present.
Viktor Idinarohk / Vika	Rito Oriya	ABSENT_ADJUDICATED	RETAIN_COLLECTIVE_OR_INCIDENTAL	0			0		false	3	0	86-CMR-VIK-077;86-CMR-VIK-109;86-CMR-VIK-195	NO_DIRECTION	Candidate evidence was reviewed but remains collective, incidental, role-level, focalized through another subject or too narrow for an independent row.
Viktor Idinarohk / Vika	Erwin Marcel / Marcel	ABSENT_ADJUDICATED	RETAIN_COLLECTIVE_OR_INCIDENTAL	0			1	86-CMR-RM-MAR-VIK-01	false	11	0	86-CMR-VIK-067;86-CMR-VIK-099;86-CMR-VIK-101;86-CMR-VIK-102;86-CMR-VIK-108;86-CMR-VIK-109;86-CMR-VIK-127;86-CMR-VIK-128;86-CMR-VIK-136;86-CMR-VIK-160;86-CMR-VIK-195	ONE_DIRECTION_ONLY	Candidate evidence was reviewed but remains collective, incidental, role-level, focalized through another subject or too narrow for an independent row. Reverse direction exists independently and does not authorize this direction.
Viktor Idinarohk / Vika	Fido	ABSENT_ADJUDICATED	RETAIN_COLLECTIVE_OR_INCIDENTAL	0			0		false	8	0	86-CMR-VIK-050;86-CMR-VIK-077;86-CMR-VIK-094;86-CMR-VIK-100;86-CMR-VIK-102;86-CMR-VIK-164;86-CMR-VIK-176;86-CMR-VIK-177	NO_DIRECTION	Candidate evidence was reviewed but remains collective, incidental, role-level, focalized through another subject or too narrow for an independent row.
Lerche	Frederica Rosenfort	PRESENT	PRESENT_PRE_CMR7	1	86-CMR-RM-LER-FRE-01	EXACT_DYADIC	0		true	14	13	86-CMR-LER-007;86-CMR-LER-012;86-CMR-LER-019;86-CMR-LER-021;86-CMR-LER-066;86-CMR-LER-099;86-CMR-LER-100;86-CMR-LER-116;86-CMR-LER-117;86-CMR-LER-118;86-CMR-LER-119;86-CMR-LER-138	ONE_DIRECTION_ONLY	Independent or analytically decisive speaker-side matrix state is present.
Lerche	Shinei Nouzen	PRESENT	PRESENT_PRE_CMR7	3	86-CMR-RM-LER-SHI-01;86-CMR-RM-LER-SHI-02;86-CMR-RM-LER-SHI-03	EXACT_DYADIC	1	86-CMR-RM-SHI-LER-01	true	85	80	86-CMR-LER-002;86-CMR-LER-003;86-CMR-LER-004;86-CMR-LER-007;86-CMR-LER-008;86-CMR-LER-009;86-CMR-LER-012;86-CMR-LER-013;86-CMR-LER-014;86-CMR-LER-016;86-CMR-LER-017;86-CMR-LER-018	BIDIRECTIONAL	Independent or analytically decisive speaker-side matrix state is present.
Lerche	Vladilena Milizé	PRESENT	PRESENT_PRE_CMR7	1	86-CMR-RM-LER-LEN-01	EXACT_DYADIC	0		true	39	39	86-CMR-LER-003;86-CMR-LER-004;86-CMR-LER-006;86-CMR-LER-007;86-CMR-LER-008;86-CMR-LER-009;86-CMR-LER-010;86-CMR-LER-011;86-CMR-LER-018;86-CMR-LER-019;86-CMR-LER-038;86-CMR-LER-054	ONE_DIRECTION_ONLY	Independent or analytically decisive speaker-side matrix state is present.
Lerche	Raiden Shuga	ABSENT_ADJUDICATED	RETAIN_COLLECTIVE_OR_INCIDENTAL	0			0		false	17	0	86-CMR-LER-007;86-CMR-LER-013;86-CMR-LER-017;86-CMR-LER-018;86-CMR-LER-066;86-CMR-LER-078;86-CMR-LER-096;86-CMR-LER-114;86-CMR-LER-134;86-CMR-LER-135;86-CMR-LER-136;86-CMR-LER-138	NO_DIRECTION	Candidate evidence was reviewed but remains collective, incidental, role-level, focalized through another subject or too narrow for an independent row.
Lerche	Theoto Rikka	ABSENT_ADJUDICATED	RETAIN_COLLECTIVE_OR_INCIDENTAL	0			0		false	5	0	86-CMR-LER-013;86-CMR-LER-096;86-CMR-LER-111;86-CMR-LER-112;86-CMR-LER-114	NO_DIRECTION	Candidate evidence was reviewed but remains collective, incidental, role-level, focalized through another subject or too narrow for an independent row.
Lerche	Kurena Kukumila	ABSENT_ADJUDICATED	RETAIN_COLLECTIVE_OR_INCIDENTAL	0			0		false	15	0	86-CMR-LER-013;86-CMR-LER-014;86-CMR-LER-017;86-CMR-LER-097;86-CMR-LER-098;86-CMR-LER-107;86-CMR-LER-108;86-CMR-LER-114;86-CMR-LER-128;86-CMR-LER-129;86-CMR-LER-141;86-CMR-LER-142	NO_DIRECTION	Candidate evidence was reviewed but remains collective, incidental, role-level, focalized through another subject or too narrow for an independent row.
Lerche	Anju Emma	ABSENT_ADJUDICATED	RETAIN_COLLECTIVE_OR_INCIDENTAL	0			0		false	12	0	86-CMR-LER-013;86-CMR-LER-018;86-CMR-LER-107;86-CMR-LER-114;86-CMR-LER-121;86-CMR-LER-128;86-CMR-LER-129;86-CMR-LER-141;86-CMR-LER-142;86-CMR-LER-149;86-CMR-LER-150;86-CMR-LER-152	NO_DIRECTION	Candidate evidence was reviewed but remains collective, incidental, role-level, focalized through another subject or too narrow for an independent row.
Lerche	Shiden Iida	ABSENT_ADJUDICATED	RETAIN_COLLECTIVE_OR_INCIDENTAL	0			0		false	8	0	86-CMR-LER-007;86-CMR-LER-009;86-CMR-LER-010;86-CMR-LER-011;86-CMR-LER-089;86-CMR-LER-090;86-CMR-LER-152;86-CMR-LER-162	NO_DIRECTION	Candidate evidence was reviewed but remains collective, incidental, role-level, focalized through another subject or too narrow for an independent row.
Lerche	Ernst Zimmermann	ABSENT_NO_WARRANT	NO_INDEPENDENT_REGISTER	0			0		false	0	0		NO_DIRECTION	No independent directed register is established at the locked source boundary.
Lerche	Grethe Wenzel	ABSENT_ADJUDICATED	RETAIN_COLLECTIVE_OR_INCIDENTAL	0			0		false	5	0	86-CMR-LER-105;86-CMR-LER-120;86-CMR-LER-131;86-CMR-LER-141;86-CMR-LER-142	NO_DIRECTION	Candidate evidence was reviewed but remains collective, incidental, role-level, focalized through another subject or too narrow for an independent row.
Lerche	Annette Penrose	ABSENT_ADJUDICATED	RETAIN_COLLECTIVE_OR_INCIDENTAL	0			0		false	2	0	86-CMR-LER-083;86-CMR-LER-140	NO_DIRECTION	Candidate evidence was reviewed but remains collective, incidental, role-level, focalized through another subject or too narrow for an independent row.
Lerche	Viktor Idinarohk / Vika	PRESENT	PRESENT_PRE_CMR7	4	86-CMR-RM-LER-VIK-01;86-CMR-RM-LER-VIK-02;86-CMR-RM-LER-VIK-03;86-CMR-RM-LER-VIK-04	EXACT_DYADIC	3	86-CMR-RM-VIK-LER-01;86-CMR-RM-VIK-LER-02;86-CMR-RM-VIK-LER-03	true	83	83	86-CMR-LER-002;86-CMR-LER-003;86-CMR-LER-004;86-CMR-LER-005;86-CMR-LER-006;86-CMR-LER-008;86-CMR-LER-009;86-CMR-LER-010;86-CMR-LER-011;86-CMR-LER-012;86-CMR-LER-013;86-CMR-LER-015	BIDIRECTIONAL	Independent or analytically decisive speaker-side matrix state is present.
Lerche	Rito Oriya	PRESENT	PRESENT_PRE_CMR7	2	86-CMR-RM-LER-RIT-01;86-CMR-RM-LER-RIT-02	EXACT_DYADIC	1	86-CMR-RM-RIT-LER-01	true	13	13	86-CMR-LER-089;86-CMR-LER-125;86-CMR-LER-134;86-CMR-LER-135;86-CMR-LER-141;86-CMR-LER-142;86-CMR-LER-143;86-CMR-LER-146;86-CMR-LER-147;86-CMR-LER-154;86-CMR-LER-155;86-CMR-LER-156	BIDIRECTIONAL	Independent or analytically decisive speaker-side matrix state is present.
Lerche	Erwin Marcel / Marcel	ABSENT_ADJUDICATED	RETAIN_COLLECTIVE_OR_INCIDENTAL	0			0		false	8	0	86-CMR-LER-019;86-CMR-LER-096;86-CMR-LER-097;86-CMR-LER-098;86-CMR-LER-106;86-CMR-LER-108;86-CMR-LER-141;86-CMR-LER-142	NO_DIRECTION	Candidate evidence was reviewed but remains collective, incidental, role-level, focalized through another subject or too narrow for an independent row.
Lerche	Fido	ABSENT_ADJUDICATED	RETAIN_COLLECTIVE_OR_INCIDENTAL	0			0		false	4	0	86-CMR-LER-056;86-CMR-LER-134;86-CMR-LER-135;86-CMR-LER-136	NO_DIRECTION	Candidate evidence was reviewed but remains collective, incidental, role-level, focalized through another subject or too narrow for an independent row.
Rito Oriya	Frederica Rosenfort	ABSENT_ADJUDICATED	RETAIN_COLLECTIVE_OR_INCIDENTAL	0			0		false	13	0	86-CMR-RIT-003;86-CMR-RIT-038;86-CMR-RIT-057;86-CMR-RIT-080;86-CMR-RIT-081;86-CMR-RIT-098;86-CMR-RIT-099;86-CMR-RIT-103;86-CMR-RIT-104;86-CMR-RIT-105;86-CMR-RIT-136;86-CMR-RIT-137	NO_DIRECTION	Candidate evidence was reviewed but remains collective, incidental, role-level, focalized through another subject or too narrow for an independent row.
Rito Oriya	Shinei Nouzen	PRESENT	PRESENT_PRE_CMR7	2	86-CMR-RM-RIT-SHI-01;86-CMR-RM-RIT-SHI-02	EXACT_DYADIC	1	86-CMR-RM-SHI-RIT-01	true	88	79	86-CMR-RIT-001;86-CMR-RIT-002;86-CMR-RIT-003;86-CMR-RIT-004;86-CMR-RIT-005;86-CMR-RIT-006;86-CMR-RIT-011;86-CMR-RIT-014;86-CMR-RIT-016;86-CMR-RIT-018;86-CMR-RIT-022;86-CMR-RIT-023	BIDIRECTIONAL	Independent or analytically decisive speaker-side matrix state is present.
Rito Oriya	Vladilena Milizé	PRESENT	ADDED_CMR7	1	86-CMR-RM-RIT-LEN-01	EXACT_DYADIC	1	86-CMR-RM-LEN-RIT-01	false	38	8	86-CMR-RIT-003;86-CMR-RIT-004;86-CMR-RIT-005;86-CMR-RIT-006;86-CMR-RIT-013;86-CMR-RIT-017;86-CMR-RIT-021;86-CMR-RIT-034;86-CMR-RIT-039;86-CMR-RIT-040;86-CMR-RIT-045;86-CMR-RIT-047	BIDIRECTIONAL	Independent or analytically decisive speaker-side matrix state is present.
Rito Oriya	Raiden Shuga	PRESENT	PRESENT_PRE_CMR7	1	86-CMR-RM-RIT-RAI-01	EXACT_DYADIC	2	86-CMR-RM-RAI-RIT-01;86-CMR-RM-RAI-RIT-02	true	53	11	86-CMR-RIT-001;86-CMR-RIT-004;86-CMR-RIT-009;86-CMR-RIT-011;86-CMR-RIT-014;86-CMR-RIT-022;86-CMR-RIT-029;86-CMR-RIT-033;86-CMR-RIT-035;86-CMR-RIT-038;86-CMR-RIT-041;86-CMR-RIT-042	BIDIRECTIONAL	Independent or analytically decisive speaker-side matrix state is present.
Rito Oriya	Theoto Rikka	PRESENT	PRESENT_PRE_CMR7	1	86-CMR-RM-RIT-THE-01	EXACT_DYADIC	0		true	19	5	86-CMR-RIT-004;86-CMR-RIT-007;86-CMR-RIT-013;86-CMR-RIT-015;86-CMR-RIT-020;86-CMR-RIT-042;86-CMR-RIT-047;86-CMR-RIT-049;86-CMR-RIT-051;86-CMR-RIT-054;86-CMR-RIT-057;86-CMR-RIT-074	ONE_DIRECTION_ONLY	Independent or analytically decisive speaker-side matrix state is present.
Rito Oriya	Kurena Kukumila	ABSENT_ADJUDICATED	RETAIN_COLLECTIVE_OR_INCIDENTAL	0			1	86-CMR-RM-KUR-YNG-01	false	26	3	86-CMR-RIT-015;86-CMR-RIT-020;86-CMR-RIT-042;86-CMR-RIT-043;86-CMR-RIT-057;86-CMR-RIT-060;86-CMR-RIT-062;86-CMR-RIT-069;86-CMR-RIT-070;86-CMR-RIT-071;86-CMR-RIT-072;86-CMR-RIT-075	ONE_DIRECTION_ONLY	Candidate evidence was reviewed but remains collective, incidental, role-level, focalized through another subject or too narrow for an independent row. Reverse direction exists independently and does not authorize this direction.
Rito Oriya	Anju Emma	PRESENT	PRESENT_PRE_CMR7	1	86-CMR-RM-RIT-ANJ-01	EXACT_DYADIC	1	86-CMR-RM-ANJ-RIT-01	false	21	0	86-CMR-RIT-002;86-CMR-RIT-007;86-CMR-RIT-015;86-CMR-RIT-020;86-CMR-RIT-051;86-CMR-RIT-053;86-CMR-RIT-057;86-CMR-RIT-061;86-CMR-RIT-075;86-CMR-RIT-076;86-CMR-RIT-087;86-CMR-RIT-102	BIDIRECTIONAL	Independent or analytically decisive speaker-side matrix state is present.
Rito Oriya	Shiden Iida	ABSENT_ADJUDICATED	RETAIN_COLLECTIVE_OR_INCIDENTAL	0			0		false	16	0	86-CMR-RIT-005;86-CMR-RIT-022;86-CMR-RIT-032;86-CMR-RIT-034;86-CMR-RIT-043;86-CMR-RIT-057;86-CMR-RIT-084;86-CMR-RIT-098;86-CMR-RIT-104;86-CMR-RIT-110;86-CMR-RIT-113;86-CMR-RIT-116	NO_DIRECTION	Candidate evidence was reviewed but remains collective, incidental, role-level, focalized through another subject or too narrow for an independent row.
Rito Oriya	Ernst Zimmermann	ABSENT_NO_WARRANT	NO_INDEPENDENT_REGISTER	0			0		false	0	0		NO_DIRECTION	No independent directed register is established at the locked source boundary.
Rito Oriya	Grethe Wenzel	ABSENT_ADJUDICATED	RETAIN_COLLECTIVE_OR_INCIDENTAL	0			0		false	8	0	86-CMR-RIT-005;86-CMR-RIT-057;86-CMR-RIT-103;86-CMR-RIT-116;86-CMR-RIT-117;86-CMR-RIT-122;86-CMR-RIT-127;86-CMR-RIT-162	NO_DIRECTION	Candidate evidence was reviewed but remains collective, incidental, role-level, focalized through another subject or too narrow for an independent row.
Rito Oriya	Annette Penrose	ABSENT_ADJUDICATED	RETAIN_COLLECTIVE_OR_INCIDENTAL	0			0		false	8	0	86-CMR-RIT-003;86-CMR-RIT-004;86-CMR-RIT-005;86-CMR-RIT-040;86-CMR-RIT-057;86-CMR-RIT-116;86-CMR-RIT-141;86-CMR-RIT-149	NO_DIRECTION	Candidate evidence was reviewed but remains collective, incidental, role-level, focalized through another subject or too narrow for an independent row.
Rito Oriya	Viktor Idinarohk / Vika	ABSENT_ADJUDICATED	RETAIN_COLLECTIVE_OR_INCIDENTAL	0			0		false	11	0	86-CMR-RIT-023;86-CMR-RIT-029;86-CMR-RIT-043;86-CMR-RIT-057;86-CMR-RIT-058;86-CMR-RIT-101;86-CMR-RIT-107;86-CMR-RIT-110;86-CMR-RIT-118;86-CMR-RIT-122;86-CMR-RIT-159	NO_DIRECTION	Candidate evidence was reviewed but remains collective, incidental, role-level, focalized through another subject or too narrow for an independent row.
Rito Oriya	Lerche	PRESENT	PRESENT_PRE_CMR7	1	86-CMR-RM-RIT-LER-01	EXACT_DYADIC	2	86-CMR-RM-LER-RIT-01;86-CMR-RM-LER-RIT-02	false	9	1	86-CMR-RIT-043;86-CMR-RIT-083;86-CMR-RIT-101;86-CMR-RIT-107;86-CMR-RIT-122;86-CMR-RIT-125;86-CMR-RIT-126;86-CMR-RIT-139;86-CMR-RIT-140	BIDIRECTIONAL	Independent or analytically decisive speaker-side matrix state is present.
Rito Oriya	Erwin Marcel / Marcel	ABSENT_ADJUDICATED	RETAIN_COLLECTIVE_OR_INCIDENTAL	0			1	86-CMR-RM-MAR-RIT-01	false	11	0	86-CMR-RIT-041;86-CMR-RIT-042;86-CMR-RIT-052;86-CMR-RIT-057;86-CMR-RIT-061;86-CMR-RIT-098;86-CMR-RIT-104;86-CMR-RIT-105;86-CMR-RIT-120;86-CMR-RIT-122;86-CMR-RIT-159	ONE_DIRECTION_ONLY	Candidate evidence was reviewed but remains collective, incidental, role-level, focalized through another subject or too narrow for an independent row. Reverse direction exists independently and does not authorize this direction.
Rito Oriya	Fido	ABSENT_ADJUDICATED	RETAIN_COLLECTIVE_OR_INCIDENTAL	0			1	86-CMR-RM-FID-RIT-01	false	3	0	86-CMR-RIT-029;86-CMR-RIT-052;86-CMR-RIT-101	ONE_DIRECTION_ONLY	Candidate evidence was reviewed but remains collective, incidental, role-level, focalized through another subject or too narrow for an independent row. Reverse direction exists independently and does not authorize this direction.
Erwin Marcel / Marcel	Frederica Rosenfort	ABSENT_ADJUDICATED	RETAIN_COLLECTIVE_OR_INCIDENTAL	0			0		false	25	0	86-CMR-MAR-017;86-CMR-MAR-027;86-CMR-MAR-028;86-CMR-MAR-029;86-CMR-MAR-036;86-CMR-MAR-042;86-CMR-MAR-043;86-CMR-MAR-066;86-CMR-MAR-068;86-CMR-MAR-070;86-CMR-MAR-080;86-CMR-MAR-099	NO_DIRECTION	Candidate evidence was reviewed but remains collective, incidental, role-level, focalized through another subject or too narrow for an independent row.
Erwin Marcel / Marcel	Shinei Nouzen	PRESENT	PRESENT_PRE_CMR7	3	86-CMR-RM-MAR-SHI-01;86-CMR-RM-MAR-SHI-02;86-CMR-RM-MAR-SHI-03	EXACT_DYADIC	1	86-CMR-RM-SHI-MAR-01	true	123	96	86-CMR-MAR-001;86-CMR-MAR-002;86-CMR-MAR-003;86-CMR-MAR-004;86-CMR-MAR-005;86-CMR-MAR-006;86-CMR-MAR-007;86-CMR-MAR-008;86-CMR-MAR-009;86-CMR-MAR-010;86-CMR-MAR-011;86-CMR-MAR-012	BIDIRECTIONAL	Independent or analytically decisive speaker-side matrix state is present.
Erwin Marcel / Marcel	Vladilena Milizé	PRESENT	PRESENT_PRE_CMR7	1	86-CMR-RM-MAR-LEN-01	EXACT_DYADIC	0		true	80	37	86-CMR-MAR-016;86-CMR-MAR-017;86-CMR-MAR-018;86-CMR-MAR-019;86-CMR-MAR-020;86-CMR-MAR-031;86-CMR-MAR-032;86-CMR-MAR-033;86-CMR-MAR-034;86-CMR-MAR-035;86-CMR-MAR-036;86-CMR-MAR-037	ONE_DIRECTION_ONLY	Independent or analytically decisive speaker-side matrix state is present.
Erwin Marcel / Marcel	Raiden Shuga	ABSENT_ADJUDICATED	RETAIN_COLLECTIVE_OR_INCIDENTAL	0			0		false	20	0	86-CMR-MAR-016;86-CMR-MAR-045;86-CMR-MAR-047;86-CMR-MAR-061;86-CMR-MAR-064;86-CMR-MAR-065;86-CMR-MAR-066;86-CMR-MAR-068;86-CMR-MAR-070;86-CMR-MAR-079;86-CMR-MAR-119;86-CMR-MAR-120	NO_DIRECTION	Candidate evidence was reviewed but remains collective, incidental, role-level, focalized through another subject or too narrow for an independent row.
Erwin Marcel / Marcel	Theoto Rikka	PRESENT	PRESENT_PRE_CMR7	1	86-CMR-RM-MAR-THE-01	EXACT_DYADIC	1	86-CMR-RM-THE-MAR-01	true	34	22	86-CMR-MAR-045;86-CMR-MAR-049;86-CMR-MAR-061;86-CMR-MAR-064;86-CMR-MAR-065;86-CMR-MAR-066;86-CMR-MAR-068;86-CMR-MAR-070;86-CMR-MAR-082;86-CMR-MAR-125;86-CMR-MAR-171;86-CMR-MAR-172	BIDIRECTIONAL	Independent or analytically decisive speaker-side matrix state is present.
Erwin Marcel / Marcel	Kurena Kukumila	ABSENT_ADJUDICATED	RETAIN_COLLECTIVE_OR_INCIDENTAL	0			0		false	15	0	86-CMR-MAR-043;86-CMR-MAR-045;86-CMR-MAR-047;86-CMR-MAR-061;86-CMR-MAR-066;86-CMR-MAR-067;86-CMR-MAR-068;86-CMR-MAR-070;86-CMR-MAR-077;86-CMR-MAR-082;86-CMR-MAR-119;86-CMR-MAR-144	NO_DIRECTION	Candidate evidence was reviewed but remains collective, incidental, role-level, focalized through another subject or too narrow for an independent row.
Erwin Marcel / Marcel	Anju Emma	ABSENT_ADJUDICATED	RETAIN_COLLECTIVE_OR_INCIDENTAL	0			0		false	17	0	86-CMR-MAR-043;86-CMR-MAR-045;86-CMR-MAR-061;86-CMR-MAR-066;86-CMR-MAR-068;86-CMR-MAR-070;86-CMR-MAR-098;86-CMR-MAR-119;86-CMR-MAR-124;86-CMR-MAR-146;86-CMR-MAR-147;86-CMR-MAR-154	NO_DIRECTION	Candidate evidence was reviewed but remains collective, incidental, role-level, focalized through another subject or too narrow for an independent row.
Erwin Marcel / Marcel	Shiden Iida	ABSENT_ADJUDICATED	RETAIN_COLLECTIVE_OR_INCIDENTAL	0			0		false	6	0	86-CMR-MAR-066;86-CMR-MAR-070;86-CMR-MAR-099;86-CMR-MAR-155;86-CMR-MAR-157;86-CMR-MAR-193	NO_DIRECTION	Candidate evidence was reviewed but remains collective, incidental, role-level, focalized through another subject or too narrow for an independent row.
Erwin Marcel / Marcel	Ernst Zimmermann	ABSENT_NO_WARRANT	NO_INDEPENDENT_REGISTER	0			0		false	0	0		NO_DIRECTION	No independent directed register is established at the locked source boundary.
Erwin Marcel / Marcel	Grethe Wenzel	PRESENT	PRESENT_PRE_CMR7	1	86-CMR-RM-MAR-GRE-01	EXACT_DYADIC	0		true	12	0	86-CMR-MAR-062;86-CMR-MAR-068;86-CMR-MAR-070;86-CMR-MAR-103;86-CMR-MAR-104;86-CMR-MAR-109;86-CMR-MAR-110;86-CMR-MAR-126;86-CMR-MAR-139;86-CMR-MAR-158;86-CMR-MAR-192;86-CMR-MAR-198	ONE_DIRECTION_ONLY	Independent or analytically decisive speaker-side matrix state is present.
Erwin Marcel / Marcel	Annette Penrose	ABSENT_ADJUDICATED	RETAIN_COLLECTIVE_OR_INCIDENTAL	0			0		false	11	0	86-CMR-MAR-064;86-CMR-MAR-066;86-CMR-MAR-068;86-CMR-MAR-070;86-CMR-MAR-124;86-CMR-MAR-125;86-CMR-MAR-126;86-CMR-MAR-178;86-CMR-MAR-179;86-CMR-MAR-180;86-CMR-MAR-198	NO_DIRECTION	Candidate evidence was reviewed but remains collective, incidental, role-level, focalized through another subject or too narrow for an independent row.
Erwin Marcel / Marcel	Viktor Idinarohk / Vika	PRESENT	PRESENT_PRE_CMR7	1	86-CMR-RM-MAR-VIK-01	EXACT_DYADIC	0		true	27	0	86-CMR-MAR-030;86-CMR-MAR-038;86-CMR-MAR-043;86-CMR-MAR-045;86-CMR-MAR-065;86-CMR-MAR-066;86-CMR-MAR-068;86-CMR-MAR-069;86-CMR-MAR-070;86-CMR-MAR-080;86-CMR-MAR-081;86-CMR-MAR-082	ONE_DIRECTION_ONLY	Independent or analytically decisive speaker-side matrix state is present.
Erwin Marcel / Marcel	Lerche	ABSENT_ADJUDICATED	RETAIN_COLLECTIVE_OR_INCIDENTAL	0			0		false	9	0	86-CMR-MAR-036;86-CMR-MAR-065;86-CMR-MAR-067;86-CMR-MAR-077;86-CMR-MAR-158;86-CMR-MAR-164;86-CMR-MAR-165;86-CMR-MAR-166;86-CMR-MAR-167	NO_DIRECTION	Candidate evidence was reviewed but remains collective, incidental, role-level, focalized through another subject or too narrow for an independent row.
Erwin Marcel / Marcel	Rito Oriya	PRESENT	PRESENT_PRE_CMR7	1	86-CMR-RM-MAR-RIT-01	EXACT_DYADIC	0		true	31	25	86-CMR-MAR-047;86-CMR-MAR-070;86-CMR-MAR-071;86-CMR-MAR-072;86-CMR-MAR-073;86-CMR-MAR-074;86-CMR-MAR-075;86-CMR-MAR-076;86-CMR-MAR-077;86-CMR-MAR-078;86-CMR-MAR-079;86-CMR-MAR-080	ONE_DIRECTION_ONLY	Independent or analytically decisive speaker-side matrix state is present.
Erwin Marcel / Marcel	Fido	ABSENT_ADJUDICATED	RETAIN_COLLECTIVE_OR_INCIDENTAL	0			1	86-CMR-RM-FID-MAR-01	false	27	13	86-CMR-MAR-017;86-CMR-MAR-045;86-CMR-MAR-068;86-CMR-MAR-070;86-CMR-MAR-071;86-CMR-MAR-072;86-CMR-MAR-073;86-CMR-MAR-074;86-CMR-MAR-075;86-CMR-MAR-076;86-CMR-MAR-077;86-CMR-MAR-078	ONE_DIRECTION_ONLY	Candidate evidence was reviewed but remains collective, incidental, role-level, focalized through another subject or too narrow for an independent row. Reverse direction exists independently and does not authorize this direction.
Fido	Frederica Rosenfort	PRESENT	PRESENT_PRE_CMR7	1	86-CMR-RM-FID-FRE-01	EXACT_DYADIC	1	86-CMR-RM-FRE-FID-01	true	32	22	86-CMR-FID-032;86-CMR-FID-033;86-CMR-FID-040;86-CMR-FID-041;86-CMR-FID-042;86-CMR-FID-044;86-CMR-FID-045;86-CMR-FID-046;86-CMR-FID-047;86-CMR-FID-048;86-CMR-FID-049;86-CMR-FID-050	BIDIRECTIONAL	Independent or analytically decisive speaker-side matrix state is present.
Fido	Shinei Nouzen	PRESENT	PRESENT_PRE_CMR7	5	86-CMR-RM-FID-CSH-01;86-CMR-RM-FID-SHI-01;86-CMR-RM-FID-SHI-02;86-CMR-RM-FID-SHI-03;86-CMR-RM-FID-SHI-04	EXACT_DYADIC;QUALIFIED_PERSON_TARGET	1	86-CMR-RM-SHI-FID-01	true	247	214	86-CMR-FID-001;86-CMR-FID-002;86-CMR-FID-003;86-CMR-FID-004;86-CMR-FID-007;86-CMR-FID-008;86-CMR-FID-009;86-CMR-FID-010;86-CMR-FID-011;86-CMR-FID-014;86-CMR-FID-015;86-CMR-FID-016	BIDIRECTIONAL	Independent or analytically decisive speaker-side matrix state is present.
Fido	Vladilena Milizé	PRESENT	PRESENT_PRE_CMR7	1	86-CMR-RM-FID-LEN-01	EXACT_DYADIC	0		true	31	9	86-CMR-FID-006;86-CMR-FID-024;86-CMR-FID-064;86-CMR-FID-065;86-CMR-FID-066;86-CMR-FID-085;86-CMR-FID-087;86-CMR-FID-093;86-CMR-FID-094;86-CMR-FID-095;86-CMR-FID-096;86-CMR-FID-105	ONE_DIRECTION_ONLY	Independent or analytically decisive speaker-side matrix state is present.
Fido	Raiden Shuga	PRESENT	PRESENT_PRE_CMR7	1	86-CMR-RM-FID-RAI-01	EXACT_DYADIC	1	86-CMR-RM-RAI-FID-01	true	41	0	86-CMR-FID-002;86-CMR-FID-003;86-CMR-FID-007;86-CMR-FID-008;86-CMR-FID-012;86-CMR-FID-013;86-CMR-FID-014;86-CMR-FID-015;86-CMR-FID-018;86-CMR-FID-019;86-CMR-FID-027;86-CMR-FID-032	BIDIRECTIONAL	Independent or analytically decisive speaker-side matrix state is present.
Fido	Theoto Rikka	PRESENT	PRESENT_PRE_CMR7	1	86-CMR-RM-FID-THE-01	EXACT_DYADIC	0		true	18	5	86-CMR-FID-005;86-CMR-FID-007;86-CMR-FID-023;86-CMR-FID-036;86-CMR-FID-037;86-CMR-FID-057;86-CMR-FID-076;86-CMR-FID-081;86-CMR-FID-101;86-CMR-FID-102;86-CMR-FID-103;86-CMR-FID-104	ONE_DIRECTION_ONLY	Independent or analytically decisive speaker-side matrix state is present.
Fido	Kurena Kukumila	PRESENT	PRESENT_PRE_CMR7	1	86-CMR-RM-FID-KUR-01	EXACT_DYADIC	0		true	11	0	86-CMR-FID-007;86-CMR-FID-008;86-CMR-FID-021;86-CMR-FID-057;86-CMR-FID-211;86-CMR-FID-212;86-CMR-FID-213;86-CMR-FID-214;86-CMR-FID-255;86-CMR-FID-256;86-CMR-FID-257	ONE_DIRECTION_ONLY	Independent or analytically decisive speaker-side matrix state is present.
Fido	Anju Emma	PRESENT	PRESENT_PRE_CMR7	1	86-CMR-RM-FID-ANJ-01	EXACT_DYADIC	0		true	21	4	86-CMR-FID-007;86-CMR-FID-023;86-CMR-FID-045;86-CMR-FID-046;86-CMR-FID-057;86-CMR-FID-068;86-CMR-FID-070;86-CMR-FID-071;86-CMR-FID-072;86-CMR-FID-073;86-CMR-FID-105;86-CMR-FID-112	ONE_DIRECTION_ONLY	Independent or analytically decisive speaker-side matrix state is present.
Fido	Shiden Iida	ABSENT_ADJUDICATED	RETAIN_COLLECTIVE_OR_INCIDENTAL	0			1	86-CMR-RM-SHD-FID-01	false	8	0	86-CMR-FID-066;86-CMR-FID-108;86-CMR-FID-252;86-CMR-FID-266;86-CMR-FID-275;86-CMR-FID-276;86-CMR-FID-279;86-CMR-FID-280	ONE_DIRECTION_ONLY	Candidate evidence was reviewed but remains collective, incidental, role-level, focalized through another subject or too narrow for an independent row. Reverse direction exists independently and does not authorize this direction.
Fido	Ernst Zimmermann	ABSENT_NO_WARRANT	NO_INDEPENDENT_REGISTER	0			0		false	0	0		NO_DIRECTION	No independent directed register is established at the locked source boundary.
Fido	Grethe Wenzel	ABSENT_ADJUDICATED	RETAIN_COLLECTIVE_OR_INCIDENTAL	0			0		false	14	0	86-CMR-FID-039;86-CMR-FID-129;86-CMR-FID-130;86-CMR-FID-131;86-CMR-FID-132;86-CMR-FID-133;86-CMR-FID-134;86-CMR-FID-136;86-CMR-FID-137;86-CMR-FID-139;86-CMR-FID-140;86-CMR-FID-141	NO_DIRECTION	Candidate evidence was reviewed but remains collective, incidental, role-level, focalized through another subject or too narrow for an independent row.
Fido	Annette Penrose	ABSENT_ADJUDICATED	RETAIN_COLLECTIVE_OR_INCIDENTAL	0			0		false	10	2	86-CMR-FID-086;86-CMR-FID-087;86-CMR-FID-091;86-CMR-FID-097;86-CMR-FID-099;86-CMR-FID-100;86-CMR-FID-108;86-CMR-FID-147;86-CMR-FID-267;86-CMR-FID-272	NO_DIRECTION	Candidate evidence was reviewed but remains collective, incidental, role-level, focalized through another subject or too narrow for an independent row.
Fido	Viktor Idinarohk / Vika	ABSENT_ADJUDICATED	RETAIN_COLLECTIVE_OR_INCIDENTAL	0			0		false	10	1	86-CMR-FID-088;86-CMR-FID-091;86-CMR-FID-098;86-CMR-FID-099;86-CMR-FID-264;86-CMR-FID-265;86-CMR-FID-268;86-CMR-FID-276;86-CMR-FID-278;86-CMR-FID-280	NO_DIRECTION	Candidate evidence was reviewed but remains collective, incidental, role-level, focalized through another subject or too narrow for an independent row.
Fido	Lerche	ABSENT_ADJUDICATED	RETAIN_COLLECTIVE_OR_INCIDENTAL	0			0		false	3	0	86-CMR-FID-263;86-CMR-FID-264;86-CMR-FID-265	NO_DIRECTION	Candidate evidence was reviewed but remains collective, incidental, role-level, focalized through another subject or too narrow for an independent row.
Fido	Rito Oriya	PRESENT	ADDED_CMR7	1	86-CMR-RM-FID-RIT-01	EXACT_DYADIC	0		true	3	1	86-CMR-FID-088;86-CMR-FID-106;86-CMR-FID-263	ONE_DIRECTION_ONLY	Independent or analytically decisive speaker-side matrix state is present.
Fido	Erwin Marcel / Marcel	PRESENT	ADDED_CMR7	1	86-CMR-RM-FID-MAR-01	EXACT_DYADIC	0		true	6	1	86-CMR-FID-064;86-CMR-FID-106;86-CMR-FID-251;86-CMR-FID-259;86-CMR-FID-271;86-CMR-FID-272	ONE_DIRECTION_ONLY	Independent or analytically decisive speaker-side matrix state is present.
