episode,season,episode_number,filename,drive_id,size_bytes,modified_time,drive_url,inventory_status,source_lock_status,sha256,zip_crc,schema_version,duration_seconds,cue_count,retained_frames,contact_sheets,component_contract,ja_subtitle,ja_subtitle_format,subtitle_metadata_warning
S01E01,1,1,LLS_s01e01_screenshots.zip,1HeVEEdz-v86ZnobEvWU4CUUdg36XIiJy,179969324,2026-08-12T01:28:44.000Z,../../../provenance/drive-artifacts/DRIVE_ARTIFACT_REFERENCE_INDEX.md#drive-ref-629e2b1a006cd90c
S01E02,1,2,LLS_s01e02_screenshots.zip,16DEglE_CoyKrvvAxAHiYqJUvDHI_TXjA,182490649,2026-08-12T01:28:55.000Z,../../../provenance/drive-artifacts/DRIVE_ARTIFACT_REFERENCE_INDEX.md#drive-ref-f926befa48f2c496
S01E03,1,3,LLS_s01e03_screenshots.zip,1JnR3TjTyx-fyTcip2ArVAKVgOuw85ks_,187403713,2026-08-12T01:29:08.000Z,../../../provenance/drive-artifacts/DRIVE_ARTIFACT_REFERENCE_INDEX.md#drive-ref-071964c41443ee75
S01E04,1,4,LLS_s01e04_screenshots.zip,1X2-3biFE5BMebRlNJ_VivpGdkU1szQDr,156091741,2026-08-12T02:17:37.000Z,../../../provenance/drive-artifacts/DRIVE_ARTIFACT_REFERENCE_INDEX.md#drive-ref-20a1061af38ebce8
S01E05,1,5,LLS_s01e05_screenshots.zip,1do9djhCfqcbEwWvgCSfhAykhwXLYSJCn,144116532,2026-08-12T02:17:47.000Z,../../../provenance/drive-artifacts/DRIVE_ARTIFACT_REFERENCE_INDEX.md#drive-ref-5664d94e7957bf01
S01E06,1,6,LLS_s01e06_screenshots.zip,1SgSAWMsrjEEktPYvqDVSUaP_r6QUpuN9,155091870,2026-08-12T02:17:57.000Z,../../../provenance/drive-artifacts/DRIVE_ARTIFACT_REFERENCE_INDEX.md#drive-ref-39028cc615f1c1a5
S01E07,1,7,LLS_s01e07_screenshots.zip,1Neds99bFZpYY4a9pTu8Nk_q5PUiICzf1,152125835,2026-08-12T06:45:28.000Z,../../../provenance/drive-artifacts/DRIVE_ARTIFACT_REFERENCE_INDEX.md#drive-ref-79623fcbf12043a5
S01E08,1,8,LLS_s01e08_screenshots.zip,1pcSoVSirmPgBVncK9HbTgC6IpPDCOJwx,158860172,2026-08-12T06:45:39.000Z,../../../provenance/drive-artifacts/DRIVE_ARTIFACT_REFERENCE_INDEX.md#drive-ref-bf925a2d5e826546
S01E09,1,9,LLS_s01e09_screenshots.zip,1sGmgP4eBfc7PLZ6SQHurdoGGwpYCOxmr,161494635,2026-08-12T06:45:51.000Z,../../../provenance/drive-artifacts/DRIVE_ARTIFACT_REFERENCE_INDEX.md#drive-ref-314665b7804d18b7
S01E10,1,10,LLS_s01e10_screenshots.zip,1V5V51v2nDPuV4ZUsovk1s5QZpskFjKSG,177180055,2026-08-12T06:46:03.000Z,../../../provenance/drive-artifacts/DRIVE_ARTIFACT_REFERENCE_INDEX.md#drive-ref-ab9bca7aa4fcd345
S01E11,1,11,LLS_s01e11_screenshots.zip,1HzPuRgfsjUWz6Hq7NP9s8tENKa6ksbvj,144192696,2026-08-12T06:46:13.000Z,../../../provenance/drive-artifacts/DRIVE_ARTIFACT_REFERENCE_INDEX.md#drive-ref-2689ce93feff9dd7
S01E12,1,12,LLS_s01e12_screenshots.zip,1Ll222TgyH2q7pzJaRpxjzeThuUfXgiZ2,182483968,2026-08-12T06:46:25.000Z,../../../provenance/drive-artifacts/DRIVE_ARTIFACT_REFERENCE_INDEX.md#drive-ref-e6b8641954db116a
S02E01,2,1,LLS_s02e01_screenshots.zip,1goKzmEq7jX9qm-5Fg_yH-6clbwmZQKQE,183443913,2026-08-12T06:46:38.000Z,../../../provenance/drive-artifacts/DRIVE_ARTIFACT_REFERENCE_INDEX.md#drive-ref-8ebfdcf09f21e6a8
S02E02,2,2,LLS_s02e02_screenshots.zip,1KoluHQ1mvXpH21OEGhxDX-YYoX5mXWex,165173046,2026-08-12T06:46:49.000Z,../../../provenance/drive-artifacts/DRIVE_ARTIFACT_REFERENCE_INDEX.md#drive-ref-12b83339f08b33a9
S02E03,2,3,LLS_s02e03_screenshots.zip,1wXlyly0sWv5pixAC3cbMUTjEg0JaAac8,170557491,2026-08-12T06:47:01.000Z,../../../provenance/drive-artifacts/DRIVE_ARTIFACT_REFERENCE_INDEX.md#drive-ref-6d0accc656948fc0
S02E04,2,4,LLS_s02e04_screenshots.zip,1Rbbr-Ac9LpuMy95nwqPE7PJA613p4M3G,156229197,2026-08-12T06:47:11.000Z,../../../provenance/drive-artifacts/DRIVE_ARTIFACT_REFERENCE_INDEX.md#drive-ref-4c7dbacf6f8f3f9c
S02E05,2,5,LLS_s02e05_screenshots.zip,1BFOgbOxndtDTf0Y2FLjcWO6A2lp3n60h,164273296,2026-08-12T06:47:22.000Z,../../../provenance/drive-artifacts/DRIVE_ARTIFACT_REFERENCE_INDEX.md#drive-ref-0da7dca6e864931e
S02E06,2,6,LLS_s02e06_screenshots.zip,1TxyQ66qYATyq16yzvbC82nPkj8W70ew5,207418802,2026-08-12T06:47:36.000Z,../../../provenance/drive-artifacts/DRIVE_ARTIFACT_REFERENCE_INDEX.md#drive-ref-687c3acd2381d8e9
S02E07,2,7,LLS_s02e07_screenshots.zip,1ABphhaKnd3brMlkjneM0bSWFO0hRkW1h,179694542,2026-08-12T06:47:49.000Z,../../../provenance/drive-artifacts/DRIVE_ARTIFACT_REFERENCE_INDEX.md#drive-ref-7eee0b9c117d5b3a
S02E08,2,8,LLS_s02e08_screenshots.zip,18rHgR4Hm333wtR47U9OIPKUYNGO3G4WZ,206667875,2026-08-12T06:48:01.000Z,../../../provenance/drive-artifacts/DRIVE_ARTIFACT_REFERENCE_INDEX.md#drive-ref-407c2280edb18df1
S02E09,2,9,LLS_s02e09_screenshots.zip,1YkrW-B2n7dMPgoY7jCzKPNEUXyCCeZW4,174358412,2026-08-12T06:48:13.000Z,../../../provenance/drive-artifacts/DRIVE_ARTIFACT_REFERENCE_INDEX.md#drive-ref-ae8540e0703fe61e
S02E10,2,10,LLS_s02e10_screenshots.zip,1Y2e76bENqYNHp7zx_2hzUXiJ9VhA7cK4,204002963,2026-08-12T06:48:26.000Z,../../../provenance/drive-artifacts/DRIVE_ARTIFACT_REFERENCE_INDEX.md#drive-ref-1acec2c6a2ed8c5b
S02E11,2,11,LLS_s02e11_screenshots.zip,1XBh68WNH4h4R64vFDYsGYwndIapmtWXo,179675585,2026-08-12T06:48:38.000Z,../../../provenance/drive-artifacts/DRIVE_ARTIFACT_REFERENCE_INDEX.md#drive-ref-1a73650681611a9a
S02E12,2,12,LLS_s02e12_screenshots.zip,12XrArAzvGszd54nCATrfi9Gu6bOw7JhX,168924870,2026-08-12T06:48:49.000Z,../../../provenance/drive-artifacts/DRIVE_ARTIFACT_REFERENCE_INDEX.md#drive-ref-166f2c024fd8b2dd
S03E01,3,1,LLS_s03e01_screenshots.zip,1Yjq6SWA0VUkLRvGwfDB2oR60HK6uajDe,170726573,2026-08-12T06:49:01.000Z,../../../provenance/drive-artifacts/DRIVE_ARTIFACT_REFERENCE_INDEX.md#drive-ref-d94183f6446ca2f4
S03E02,3,2,LLS_s03e02_screenshots.zip,1jpSIubvAy4HzoPRdoYGw-xrOBGNcUuy6,174251003,2026-08-12T06:49:13.000Z,../../../provenance/drive-artifacts/DRIVE_ARTIFACT_REFERENCE_INDEX.md#drive-ref-082da01bfea4073b
S03E03,3,3,LLS_s03e03_screenshots.zip,1t7_69CNzVgDaLxX-upF8c8j3Z76I7xUu,172735080,2026-08-12T06:49:25.000Z,../../../provenance/drive-artifacts/DRIVE_ARTIFACT_REFERENCE_INDEX.md#drive-ref-9e05670d76fea02f
S03E04,3,4,LLS_s03e04_screenshots.zip,1_gBBk1RCO9efdRHqgE_El3q8hyf_W3lN,153704424,2026-08-12T06:49:36.000Z,../../../provenance/drive-artifacts/DRIVE_ARTIFACT_REFERENCE_INDEX.md#drive-ref-53c255a824797574
S03E05,3,5,LLS_s03e05_screenshots.zip,1i0_qcaSx8LHK19RMuL5-_aY5gLOe42X_,160766094,2026-08-12T06:49:47.000Z,../../../provenance/drive-artifacts/DRIVE_ARTIFACT_REFERENCE_INDEX.md#drive-ref-b20bd10a2ad95b1f
S03E06,3,6,LLS_s03e06_screenshots.zip,1b5e6Md-5q0zJ9Xja6_xluenldAchOiZ5,182088745,2026-08-12T06:49:59.000Z,../../../provenance/drive-artifacts/DRIVE_ARTIFACT_REFERENCE_INDEX.md#drive-ref-a5838a93a5309282
S03E07,3,7,LLS_s03e07_screenshots.zip,17HPds2eSYtvLfui3omwcZjy0NHTp56H5,157838248,2026-08-12T06:50:10.000Z,../../../provenance/drive-artifacts/DRIVE_ARTIFACT_REFERENCE_INDEX.md#drive-ref-721d303c508411fb
S03E08,3,8,LLS_s03e08_screenshots.zip,1hzZhanjXYBYKRjo25YYNBFwZbWV2IQp5,165059864,2026-08-12T06:50:22.000Z,../../../provenance/drive-artifacts/DRIVE_ARTIFACT_REFERENCE_INDEX.md#drive-ref-9156fb57b57be23f
S03E09,3,9,LLS_s03e09_screenshots.zip,1iFNb5jvGYme40fKseI7-C2dOjsgKC6AN,162739046,2026-08-12T06:50:33.000Z,../../../provenance/drive-artifacts/DRIVE_ARTIFACT_REFERENCE_INDEX.md#drive-ref-61f8f2bf3a9854ed
S03E10,3,10,LLS_s03e10_screenshots.zip,19ZjS2DMMMIIJYjNFUoVVmRPjwD_HL4ST,172492430,2026-08-12T06:50:46.000Z,../../../provenance/drive-artifacts/DRIVE_ARTIFACT_REFERENCE_INDEX.md#drive-ref-079220c623698254
S03E11,3,11,LLS_s03e11_screenshots.zip,1sspHZX5LJR2z5DVX0y4Nb_p27vOOuTzM,178437395,2026-08-12T06:50:58.000Z,../../../provenance/drive-artifacts/DRIVE_ARTIFACT_REFERENCE_INDEX.md#drive-ref-8831550f2ba83708
S03E12,3,12,LLS_s03e12_screenshots.zip,13_3y1dnb-D_TX3jiTT5R62pSIlSb9zCm,155626725,2026-08-12T06:51:09.000Z,../../../provenance/drive-artifacts/DRIVE_ARTIFACT_REFERENCE_INDEX.md#drive-ref-680495fde8d27bfb
