text_record_id,skin_id,slot,category,source_text,wav_filename,wav_hash,measured,sha256_actual,hash_match,sample_rate,channels,duration,manifest_duration,duration_delta,jp_chars,char_rate,active_duration,lead_silence,trail_silence,internal_inactive,pause_ratio,substantial_pauses,active_rms_dbfs,threshold_dbfs,f0_median,f0_p10,f0_p90,f0_span_st,voiced_frames,duration_seconds
103240:battle:0,103240,battle,combat,よし！やるわよ！,BREMERTON_103240_BATTLE_WARCRY_S008_7cb946f5.wav,ccf8a3e6cd5e8797eae0d91d5ba53c21bbb34b7ae6f08f1247c410ba0a024841,True,ccf8a3e6cd5e8797eae0d91d5ba53c21bbb34b7ae6f08f1247c410ba0a024841,True,44100.0,1.0,2.3560090702947845,2.35600907,2.9478464114163216e-10,6.0,4.166732280364707,1.4399773242630385,0.09,0.6710090702947844,0.17,0.10658307210031348,0.0,-16.777541430052267,-66.95857902264355,402.4571211161603,280.00149459982435,515.2552391516616,10.558232894584386,80.0,
103240:couple_encourage:0,103240,couple_encourage,relationship_specific,ボルチモア、一緒に頑張ろ？,BREMERTON_103240_COUPLE_ENCOURAGE_LINK1_S002_7cb946f5.wav,2566e6ee01bdc2c25db557ab7b80bdb12b377ae5d4370749dfc5979d8c0a60e2,True,2566e6ee01bdc2c25db557ab7b80bdb12b377ae5d4370749dfc5979d8c0a60e2,True,44100.0,1.0,2.996439909297052,2.996439909,2.970521606471266e-10,11.0,6.11118809760768,1.7999773242630386,0.08,0.6714399092970518,0.46,0.20489977728285078,1.0,-17.298643505884527,-67.31432220830818,379.54923147168995,267.7830533624629,472.22819277794576,9.821034152068027,136.0,
103240:detail:0,103240,detail,base_secretary,ちょい待ち、今これ返信してから……よし！実はアタシ、母港のお悩み相談室みたいなのをやってて、時々こうして相談されてるよ。指揮官はなにかお悩みとかない？書き込むの面倒なら、直接話してくれてもいいよ？,BREMERTON_103240_DETAIL_DETAIL_S001_cc507128.wav,bedf08564c14c0687a8d99b3715e7e53898422d85b80f3903110aa66a5f2833c,True,bedf08564c14c0687a8d99b3715e7e53898422d85b80f3903110aa66a5f2833c,True,44100.0,1.0,21.043605442176872,21.043605442,1.7687185049908294e-10,88.0,5.5820215410107705,15.764897959183674,0.09,0.6986054421768735,4.61,0.22759812392001977,6.0,-18.83465189878986,-58.676586363704466,283.86247861274563,197.6049935969577,481.2138932178867,15.408706683411456,1095.0,
103240:expedition:0,103240,expedition,base_secretary,委託組の子たちが戻ってきたわよ！はい指揮官、セルフアピールチャンス！,BREMERTON_103240_EXPEDITION_EXPEDITION_S008_cc507128.wav,db4866a97040c7c8b413590c46f15583fff6da4c28e2cfd00dd137e052a60414,True,db4866a97040c7c8b413590c46f15583fff6da4c28e2cfd00dd137e052a60414,True,44100.0,1.0,6.47140589569161,6.471405896,-3.083906463530184e-10,31.0,6.3720897713766345,4.864965986394558,0.08,0.6764058956916088,0.88,0.15398075240594924,2.0,-18.523649334504572,-63.39316467599694,379.6904555666352,218.11615717182153,546.601068700375,15.904699650881621,325.0,
103240:feeling1:0,103240,feeling1,affinity,早く元の指揮官に戻った戻ったー。…………辛いなら、アタシの胸の中で泣いちゃってもいいよ？,BREMERTON_103240_FEELING1_FEELING1_S014_cc507128.wav,b394ee40132f9beddd637c38338d6e39f03059c8fb7109524b4581b52213629f,True,b394ee40132f9beddd637c38338d6e39f03059c8fb7109524b4581b52213629f,True,44100.0,1.0,9.957324263038549,9.957324263,3.8548719771824835e-11,37.0,5.211300892982614,7.099954648526077,0.08,0.6023242630385486,2.22,0.23935309973045824,2.0,-18.860361420892612,-67.04433792940142,263.5910044972601,192.29061240450645,359.99040871715573,10.856041642107856,523.0,
103240:feeling2:0,103240,feeling2,affinity,ブレマートンのお悩み相談室へようこそ！で、今日は何を悩んでいるのかな？え、ウソ！ただの雑談？…んーそれって雑談相手がほしいってカンジじゃなくて？,BREMERTON_103240_FEELING2_FEELING2_S015_cc507128.wav,6a22e211113e47f2091b646df3ec1a85abf420d1959a72a5e8932decbac3a80d,True,6a22e211113e47f2091b646df3ec1a85abf420d1959a72a5e8932decbac3a80d,True,44100.0,1.0,17.41848072562358,17.418480726,-3.764171196962707e-10,64.0,5.19907306775521,12.309886621315194,0.08,0.683480725623582,4.48,0.268988291804263,5.0,-19.82393375534269,-66.96199123496856,314.414326841389,201.1608815678249,524.7711947666666,16.600065001135356,870.0,
103240:feeling3:0,103240,feeling3,affinity,戦闘以外で好きなことは…挨拶とか友達との交際とか、皆の相談をなーんでも聞いてあげること――んーつまりお付き合いってカンジかな？あ、今艦船通信に書き込まれた、ちょっと待ってて,BREMERTON_103240_FEELING3_FEELING3_S016_cc507128.wav,1c05e2d7e345a381f665ac2636cbe16226882f4d64ec191699c258e0e867d90e,True,1c05e2d7e345a381f665ac2636cbe16226882f4d64ec191699c258e0e867d90e,True,44100.0,1.0,20.477437641723355,20.477437642,-2.766462614545162e-10,79.0,4.88412487680689,16.174852607709752,0.09,0.6824376417233573,3.71,0.1882770870337478,4.0,-20.56771416290621,-59.623232305629244,292.50388973635563,201.119748008524,456.1120871394684,14.1760038647713,1010.0,
103240:feeling4:0,103240,feeling4,affinity,普段は指揮官がみんなの相談に乗ってるけど、アタシの前では指揮官がどんどん相談してくれていいわよ。あっ、恥ずかしいなら別に艦船通信でDMしてくれてもいいよ？,BREMERTON_103240_FEELING4_FEELING4_S017_cc507128.wav,bc4fab4269aa637ec2876387c9da97b4413b2c27d71ec80db2519fab7df6fb51,True,bc4fab4269aa637ec2876387c9da97b4413b2c27d71ec80db2519fab7df6fb51,True,44100.0,1.0,13.85154195011338,13.85154195,1.1337952798839979e-10,71.0,6.356350260051889,11.169931972789115,0.1,0.696541950113378,1.96,0.15013404825737264,3.0,-19.50259308181734,-51.32659509587576,274.8369603234998,203.18285974547229,516.3862622783538,16.148063004380283,809.0,
103240:feeling5:0,103240,feeling5,affinity,指揮官、アタシのDM確認してくれた？もう既読スルーしちゃうんだから~アタシさ、どんな返しされるの、ちょっと…えーと、ちょっとドキドキしてるよ？指揮官なら上手い返し方、わかるよね？えへへ,BREMERTON_103240_FEELING5_FEELING5_S018_cc507128.wav,8d693af62e559d4e12198ab3a5671c71611fe84cad1a473dcc6647a2186ec348,True,8d693af62e559d4e12198ab3a5671c71611fe84cad1a473dcc6647a2186ec348,True,44100.0,1.0,22.55092970521542,22.550929705,2.1541879391406837e-10,80.0,5.017293164649131,15.94485260770975,0.09,0.6859297052154218,6.01,0.27600459242250286,10.0,-20.9102687849538,-65.0601610388643,275.7218042323004,193.18116495906636,521.21042471822,17.18293800391688,998.0,
103240:home:0,103240,home,base_secretary,ふぅ…あっ、指揮官今、サボろうと思ってたでしょ？へへ、別にいいよ。秘書艦のアタシも一緒ならしばらく誰も気づかないっしょ,BREMERTON_103240_HOME_HOME_S030_cc507128.wav,96d1ff803c116d48791179b865f22f610a604d75957018439a45e0c2f1793609,True,96d1ff803c116d48791179b865f22f610a604d75957018439a45e0c2f1793609,True,44100.0,1.0,13.7456462585034,13.745646259,-4.966000943795734e-10,53.0,5.480920076071128,9.669909297052154,0.09,0.6206462585034007,3.47,0.2662063674721903,5.0,-18.772287303800343,-65.53824273572894,301.04693065565993,195.23583538485678,496.8921564909093,16.172578634176553,608.0,
103240:hp_warning:0,103240,hp_warning,combat,ちょっと、油断しすぎたかも…,BREMERTON_103240_HP_WARNING_HP_S001_7cb946f5.wav,0b78a4c1b6428f0d90ad08cf8a0cda08d2194f9c8e39f57f39d732d143453425,True,0b78a4c1b6428f0d90ad08cf8a0cda08d2194f9c8e39f57f39d732d143453425,True,44100.0,1.0,3.2660997732426305,3.266099773,2.4263036024763096e-10,12.0,5.150264715042042,2.3299773242630386,0.11,0.6410997732426305,0.2,0.07952286282306163,0.0,-19.202965801412148,-67.12638022664363,247.43587181887412,180.9308939864512,364.1477224230543,12.10902062784147,146.0,
103240:login:0,103240,login,base_secretary,指揮官、おかえり！今日の作戦目標は…とその前に、指揮官が準備してる間に艦船通信を更新更新っと～,BREMERTON_103240_LOGIN_LOGIN_S037_cc507128.wav,68d364450bbbcbe0a92f769c9a92ea9789cae70db23fcb5b14ed82bc0a3ec37d,True,68d364450bbbcbe0a92f769c9a92ea9789cae70db23fcb5b14ed82bc0a3ec37d,True,44100.0,1.0,12.10546485260771,12.105464853,-3.922906444131513e-10,42.0,4.6078294789635,9.114920634920635,0.09,0.6904648526077093,2.3000000000000003,0.20309050772626933,4.0,-19.588246015010895,-56.48423867222276,309.4886882273115,200.263615151277,545.3730854698642,17.34411809750382,594.0,
103240:lose:0,103240,lose,combat,あっ…ちょっとアタシ、やらかしちゃったっぽい…？,BREMERTON_103240_LOSE_LOSE_S003_7cb946f5.wav,57db6516987ab4a136ebe6695de6c88571b221418169efb3de987c73a6529b01,True,57db6516987ab4a136ebe6695de6c88571b221418169efb3de987c73a6529b01,True,44100.0,1.0,4.57421768707483,4.574217687,7.482992003815525e-11,20.0,6.420662594908604,3.1149433106575963,0.08,0.7192176870748299,0.72,0.19072847682119204,1.0,-19.77135202506327,-64.89765530969223,315.3384655164894,215.92329522031102,537.9480094988405,15.803374196636373,169.0,
103240:mail:0,103240,mail,base_secretary,指揮官への手紙よ。大したことじゃなさそうならアタシがチェックして返そうか？,BREMERTON_103240_MAIL_MAIL_S045_cc507128.wav,f974daafe446d604ffd17549cd9b67c0750fc37be8900d336fb513d61da4ad60,True,f974daafe446d604ffd17549cd9b67c0750fc37be8900d336fb513d61da4ad60,True,44100.0,1.0,6.415850340136054,6.41585034,1.3605383486492428e-10,35.0,7.179537272194469,4.874965986394558,0.09,0.6308503401360541,0.85,0.14925373134328357,1.0,-19.25994622509399,-64.83356800484586,325.84013688916934,210.1380304215074,521.158050797604,15.724604167638356,304.0,
103240:main:0,103240,main,base_secretary,なんか元気ないね…あっ、飲み物でも買って来てほしいってカンジ？,BREMERTON_103240_MAIN_MAIN_1_S048_cc507128.wav,eee7ed91a0c5474dfc99fd301a018e215744a579840dba3e6b3b0ed2bb074b26,True,eee7ed91a0c5474dfc99fd301a018e215744a579840dba3e6b3b0ed2bb074b26,True,44100.0,1.0,7.024965986394558,7.024965986,3.9455816391864573e-10,28.0,5.839457480918197,4.7949659863945575,0.09,0.6699659863945575,1.5,0.23942537909018355,2.0,-18.393823222982835,-64.17607934639562,341.3984377982114,211.60839498376177,505.1795145611925,15.064791291537722,361.0,
103240:main:1,103240,main,base_secretary,仕事以外の指揮官はどんなカンジだろう？もしかして普段まじめなのに意外とドジっ子だったりして？,BREMERTON_103240_MAIN_MAIN_2_S056_cc507128.wav,38cef276a897be8dce8d3d67d4c98656f51d993a77990bda6b83d875b8d71f1d,True,38cef276a897be8dce8d3d67d4c98656f51d993a77990bda6b83d875b8d71f1d,True,44100.0,1.0,9.309251700680273,9.309251701,-3.197282438804905e-10,44.0,6.201580118125335,7.094965986394558,0.09,0.6442517006802717,1.51,0.17609329446064137,2.0,-18.63991223608501,-63.5216702606121,263.0940764893214,195.72926397500632,416.3506912979358,13.06727695581171,503.0,
103240:main:2,103240,main,base_secretary,指揮官はこの格好、結構気になるってカンジ？…ふふ、じゃあ、確かめてみてもいいよ？,BREMERTON_103240_MAIN_MAIN_3_S063_cc507128.wav,c12b1c1002102bf48a8c444558e86e8a97498b4028b87f62b23e144d1dab32ce,True,c12b1c1002102bf48a8c444558e86e8a97498b4028b87f62b23e144d1dab32ce,True,44100.0,1.0,9.86077097505669,9.860770975,5.6690652172619593e-11,34.0,5.132172085556738,6.624875283446712,0.08,0.6157709750566891,2.69,0.29350791052918707,3.0,-19.423301652726664,-60.924269553902505,316.77795660375165,207.58292021072953,500.10891476618536,15.222654932310618,417.0,
103240:mission:0,103240,mission,base_secretary,任務が難しいの？んーアタシもなんか手伝えることないかチェックしようかな,BREMERTON_103240_MISSION_TASK_S078_cc507128.wav,6201f0a2a1709880ae76996dce3fb843d88fc490b82f70b88d1ade0a4c8aa6f5,True,6201f0a2a1709880ae76996dce3fb843d88fc490b82f70b88d1ade0a4c8aa6f5,True,44100.0,1.0,8.386258503401361,8.386258503,4.01360722435129e-10,34.0,5.537500184657203,6.139954648526077,0.09,0.6512585034013609,1.55,0.2027468933943754,1.0,-18.705093520556257,-66.1201567143705,279.90203910780986,207.74944486959623,465.7193259656445,13.975393547954258,426.0,
103240:mission_complete:0,103240,mission_complete,base_secretary,任務は完了した。でも報酬の受取はまだしてないっと。はい、早く受け取ってきて！,BREMERTON_103240_MISSION_COMPLETE_MISSION_COMPLETE_S071_cc507128.wav,a26a6c37e72c6e0ee3bab037e271049bda63c2373159a84bea20d628ebffcda2,True,a26a6c37e72c6e0ee3bab037e271049bda63c2373159a84bea20d628ebffcda2,True,44100.0,1.0,8.199546485260772,8.199546485,2.6077096038079617e-10,34.0,5.857077008414128,5.804943310657596,0.08,0.6345464852607714,1.74,0.23246492985971942,3.0,-18.714144837346126,-67.00858302509883,289.0270866580381,209.65623882166778,505.89955882359544,15.249902632414337,406.0,
103240:profile:0,103240,profile,profile,アタシも含めて、ボルチモア級の多くの子はカンレキ的にかの大戦の末期に建造されたから、あんま活躍できるチャンスなかったの。でも今はいつでもスタンバイOKだから、安心して任せて頂戴！,BREMERTON_103240_PROFILE_PROFILE_S076_cc507128.wav,555accf5290f9d3242f46f8960f5548a0ab1efeb6350687c718d8a30a2154ae9,True,555accf5290f9d3242f46f8960f5548a0ab1efeb6350687c718d8a30a2154ae9,True,44100.0,1.0,15.64904761904762,15.649047619,4.7620574150641914e-11,82.0,6.5731761626480285,12.474943310657597,0.11,0.7140476190476193,2.41,0.16256323777403034,4.0,-17.856606597746786,-53.695360528707184,289.8133100933911,208.87506541624558,451.3465640964118,13.339144136569963,918.0,
103240:propose:0,103240,propose,oath,んじゃ、指揮官はこのまま目を閉じて。どうしてって？まあまあそこは気にせず騙されたと思って一回アタシの言う通りにしてよ～多分こっから起きること、一生忘れないんだからさ♪,BREMERTON_103240_PROPOSE_PROPOSE_S077_cc507128.wav,66b352a330cb0c07f0e56c88e8ac2dc1a6c3f8b505629a02da0d938ddbe26995,True,66b352a330cb0c07f0e56c88e8ac2dc1a6c3f8b505629a02da0d938ddbe26995,True,44100.0,1.0,18.87124716553288,18.871247166,-4.671214526297263e-10,77.0,6.0630570791909495,12.699863945578231,0.09,0.6662471655328801,5.58,0.3080320176649186,7.0,-20.486217118678773,-66.97326686355167,282.8252082125206,188.75920230012815,457.6235699292489,15.331372564555288,842.0,
103240:skill:0,103240,skill,combat,んじゃ、さいなら～！,BREMERTON_103240_SKILL_SKILL_S007_7cb946f5.wav,33ed40dbdb7ef30cccc341e81e0b9de6945481ef712c505cdd864159be7aac82,True,33ed40dbdb7ef30cccc341e81e0b9de6945481ef712c505cdd864159be7aac82,True,44100.0,1.0,2.536938775510204,2.536938776,-4.897957595062508e-10,7.0,4.034608497902317,1.7349886621315194,0.09,0.7119387755102042,0.0,0.0,0.0,-15.842245340968953,-66.9110381399236,426.1736087731073,300.5351816751324,607.5641412714504,12.186034033954776,120.0,
103240:touch:0,103240,touch,base_secretary,くぅ～……肩こっちゃうなこれ～指揮官ごめん、マッサージを頼んでいい？,BREMERTON_103240_TOUCH_TOUCH_1_S080_cc507128.wav,802b9f903acab333857009e18e6c080e8750a29fe2da57af50d3e225722b16a8,True,802b9f903acab333857009e18e6c080e8750a29fe2da57af50d3e225722b16a8,True,44100.0,1.0,8.950498866213152,8.950498866,2.1315216258699365e-10,28.0,3.864764539815087,7.244943310657597,0.1,0.6254988662131513,1.04,0.12644376899696047,2.0,-18.444391817077193,-50.021564955766515,422.9190395773725,283.77481079276504,514.2447618292997,10.292503904951628,471.0,
103240:touch2:0,103240,touch2,base_secretary,もうまたこんな事したらオシオキしちゃうぞ？,BREMERTON_103240_TOUCH2_TOUCH_2_S087_cc507128.wav,4501008965dabc17ec92f6bcb763047a84a7dfd485b06b27867e83f7b40ba55e,True,4501008965dabc17ec92f6bcb763047a84a7dfd485b06b27867e83f7b40ba55e,True,44100.0,1.0,4.5423129251700685,4.542312925,1.7006840380417998e-10,20.0,5.242479538281394,3.8149886621315194,0.09,0.6373129251700687,0.0,0.0,0.0,-17.786362089340624,-51.35574130228001,265.3275042516936,179.70923537286166,440.4221908446819,15.518671316546564,268.0,
103240:unlock:0,103240,unlock,base_secretary,お・ま・た・せ！ユニオン所属、重巡洋艦のブレマートンよ！よろしく～！あ、そうそう、名前誕生日好きなもの、よかったら教えてくれない？,BREMERTON_103240_UNLOCK_GET_S023_cc507128.wav,4a89c59195e132f7f07cc48e8acb3ca232a4c5ff0eb3ac32718bc93461817a58,True,4a89c59195e132f7f07cc48e8acb3ca232a4c5ff0eb3ac32718bc93461817a58,True,44100.0,1.0,12.315736961451247,12.315736961,4.512461515560062e-10,56.0,6.011860132233659,9.314920634920634,0.09,0.6807369614512471,2.32,0.20095279341706365,5.0,-18.385676463536186,-63.31285136316012,372.53454512677854,229.3603049974636,502.89196309754124,13.59159323047924,670.0,
103240:upgrade:0,103240,upgrade,base_secretary,なんか変わった気がする！……あれ、変わったのはどこだっけ…,BREMERTON_103240_UPGRADE_UPGRADE_S096_cc507128.wav,76ce8bf69be964e3dd7f6e63f06588e1427b63a842df76d0af4d8aa07ec43418,True,76ce8bf69be964e3dd7f6e63f06588e1427b63a842df76d0af4d8aa07ec43418,True,44100.0,1.0,6.87156462585034,6.871564626,-1.496598400763105e-10,24.0,5.825338903290788,4.119931972789115,0.09,0.656564625850339,2.08,0.33959183673469384,2.0,-18.785160343026295,-67.47604999863333,335.1786838407321,223.64457166594514,540.4391148617125,15.275092243030464,252.0,
103240:win_mvp:0,103240,win_mvp,combat,ふふん、これでもボルチモア級だから、この程度の敵なら楽勝よ！,BREMERTON_103240_WIN_MVP_MVP_S005_7cb946f5.wav,21a0eea5a4ad7095068e62cfc1b625fe0d5fae39cc2a29fae5db31fa3dc74ae0,True,21a0eea5a4ad7095068e62cfc1b625fe0d5fae39cc2a29fae5db31fa3dc74ae0,True,44100.0,1.0,6.148730158730158,6.148730159,-2.6984192658119355e-10,27.0,5.6962570324160895,4.739954648526077,0.09,0.6837301587301576,0.68,0.12651162790697673,1.0,-18.16693502295509,-54.66216641133511,377.4307011219619,206.64492463429713,519.2121341719692,15.950042035566291,366.0,
103241:detail:0,103241,detail,base_secretary,やば、暑い…あー早く帰ってお風呂に入ってそのままベッドに倒れ込みたぁい！……あ、そうだ艦船通信！って今日一日ぐらい休んでもいっか……,BREMERTON_103241_DETAIL_DETAIL_S002_cc507128.wav,e2918d0754a228cd3c1145b3327f52984c99c4e451c78d6a7a0025e934689211,True,e2918d0754a228cd3c1145b3327f52984c99c4e451c78d6a7a0025e934689211,True,44100.0,1.0,18.650045351473924,18.650045351,4.739248993246292e-10,57.0,3.9392215582938035,14.469863945578231,0.1,0.7450453514739266,3.5,0.19657399606852013,6.0,-18.287274938694058,-44.93155378418035,314.5922927064445,209.72279896778818,534.2812564677454,16.189388404786357,940.0,
103241:expedition:0,103241,expedition,base_secretary,委託組の子たちが戻ってきたわよ！はいコーチ、セルフアピールチャンス！,BREMERTON_103241_EXPEDITION_EXPEDITION_S009_cc507128.wav,f12b56df7590080271e555747804ad4b59a51d67b2538a87ff1cee52772c9840,True,f12b56df7590080271e555747804ad4b59a51d67b2538a87ff1cee52772c9840,True,44100.0,1.0,6.477165532879819,6.477165533,-1.2018119832646335e-10,31.0,6.5748088298946765,4.714965986394557,0.09,0.7121655328798182,0.99,0.17444933920704844,2.0,-15.718811653568572,-59.80237074043164,404.8601187315464,248.38739261443322,552.6488666287488,13.84525423152759,323.0,
103241:home:0,103241,home,base_secretary,はぁはぁ……アタシ、ボルチモアじゃないから、流石にあそこまで上手くできないよ…,BREMERTON_103241_HOME_HOME_S031_cc507128.wav,09a09b28b0ccabbb2a736f34365b1d3416c95a1274486c38dd0d64a9397563ee,True,09a09b28b0ccabbb2a736f34365b1d3416c95a1274486c38dd0d64a9397563ee,True,44100.0,1.0,10.645759637188208,10.645759637,1.8820855984813534e-10,34.0,4.197577868232897,8.099909297052154,0.1,1.2007596371882077,1.35,0.14446227929373998,2.0,-18.608123326006705,-37.98378067425344,345.40054927691807,246.6590367695237,465.70640581194954,11.002830993156717,507.0,
103241:login:0,103241,login,base_secretary,ごくごく……ぷはー生き返ったあ！指揮官、練習に付き合ってくれてありがとう！,BREMERTON_103241_LOGIN_LOGIN_S038_cc507128.wav,211b437e72a047d777089ca98fb782a8b5a31f9bad4fe21bb51c1445c6a82854,True,211b437e72a047d777089ca98fb782a8b5a31f9bad4fe21bb51c1445c6a82854,True,44100.0,1.0,11.696122448979592,11.696122449,-2.0408563727869478e-11,32.0,4.249731982605972,7.5298866213151925,0.1,0.6811224489795915,3.52,0.32249198350893266,4.0,-16.94862311920368,-63.536451989887524,464.36440723334897,327.1678946285144,634.8994031822989,11.477962078851725,402.0,
103241:mail:0,103241,mail,base_secretary,コーチへの手紙よ。大したことじゃなさそうならアタシがチェックして返そうか？,BREMERTON_103241_MAIL_MAIL_S046_cc507128.wav,7aad8084d3f5c1e30483910a6d804b16c535579e6f5c42b5fba8acadb28b80f2,True,7aad8084d3f5c1e30483910a6d804b16c535579e6f5c42b5fba8acadb28b80f2,True,44100.0,1.0,6.666916099773243,6.6669161,-2.2675727961996017e-10,35.0,7.470705252000174,4.684965986394558,0.08,0.6719160997732425,1.26,0.21301775147928995,2.0,-16.507700367770084,-64.14106589154476,336.9569991985466,212.84542952997742,514.1288867104896,15.267887544721697,313.0,
103241:main:0,103241,main,base_secretary,どうしてもっていうなら飲んでるこれ譲ってあげてもいいよ！ど、どうぞ！,BREMERTON_103241_MAIN_MAIN_1_S049_cc507128.wav,4a2ab9d1639a8b36236d67991dd16ee8f56d051fdbed7ca17e0fed49fa933fdb,True,4a2ab9d1639a8b36236d67991dd16ee8f56d051fdbed7ca17e0fed49fa933fdb,True,44100.0,1.0,8.27859410430839,8.278594104,3.083897581745987e-10,31.0,5.107141256107949,6.0699319727891154,0.1,0.7235941043083889,1.46,0.1958417169684775,3.0,-16.985238006211297,-62.67328908830392,338.3976139919005,225.85169281789865,509.7811573885976,14.09402786435086,411.0,
103241:main:1,103241,main,base_secretary,クーパーちゃんも重桜の子とやってるね…コーチ、あとでドリンクの差し入れしてあげようよ,BREMERTON_103241_MAIN_MAIN_2_S057_cc507128.wav,940d03af35f82e54cf18e76d71be2e192bbc381e3519d114ca1e48c247ad8323,True,940d03af35f82e54cf18e76d71be2e192bbc381e3519d114ca1e48c247ad8323,True,44100.0,1.0,7.204172335600907,7.204172336,-3.9909320292963457e-10,40.0,8.27306750710527,4.8349659863945575,0.09,0.6891723356009063,1.62,0.25214007782101167,2.0,-16.37950552231105,-65.10508921454671,324.1859876480203,197.4119384491149,453.43560709511996,14.396261368828458,363.0,
103241:main:2,103241,main,base_secretary,アタシと試合？無理無理、アタシの腕じゃ勝てっこないんだから…,BREMERTON_103241_MAIN_MAIN_3_S064_cc507128.wav,499844001e5efd59490034c78820816b581be65dbe9d653d1f5805120c2a647b,True,499844001e5efd59490034c78820816b581be65dbe9d653d1f5805120c2a647b,True,44100.0,1.0,7.228253968253968,7.228253968,2.539684018643129e-10,27.0,5.1185384202041915,5.274943310657596,0.09,0.7632539682539674,1.16,0.18196078431372545,2.0,-18.047375012712127,-45.71448573547828,291.8171027696943,205.26762069470342,443.91078444511953,13.353164234876438,401.0,
103241:touch:0,103241,touch,base_secretary,こんなびしょびしょじゃアタシもコーチも困るもんね…あははは……,BREMERTON_103241_TOUCH_TOUCH_1_S081_cc507128.wav,e828ebfde341d89701ae4e85782943b74180c39fdfb036bb164cccc2fd89b7b0,True,e828ebfde341d89701ae4e85782943b74180c39fdfb036bb164cccc2fd89b7b0,True,44100.0,1.0,7.173333333333333,7.173333333,3.333324727350373e-10,28.0,4.920953105883384,5.6899546485260775,0.09,0.6183333333333323,0.8200000000000001,0.1268368136117556,2.0,-19.414583655254393,-56.472948526185846,338.17897595875536,214.52111792993722,478.0032500738894,13.870809008771346,326.0,
103241:touch2:0,103241,touch2,base_secretary,さすがにこんなときは狙ってこないって思ってた自分がバカだったわね……,BREMERTON_103241_TOUCH2_TOUCH_2_S088_cc507128.wav,a9257542275285c0c9967a5ce1a52817af9fc7c425013fc0ee5b47a742be2b4b,True,a9257542275285c0c9967a5ce1a52817af9fc7c425013fc0ee5b47a742be2b4b,True,44100.0,1.0,6.12984126984127,6.12984127,-1.5872991809828818e-10,32.0,6.438690544085777,4.969954648526077,0.1,0.7248412698412698,0.38,0.0716305372290292,0.0,-20.042070802240307,-54.25768151788411,253.4485982713341,197.54031174288392,419.76721568278475,13.049308835754259,334.0,
103241:unlock:0,103241,unlock,base_secretary,はぁ、はぁ……日差しが強すぎだよ……指揮官、ごめんなさい日傘借りていい？暑すぎておかしくなっちゃう……,BREMERTON_103241_UNLOCK_GET_S024_cc507128.wav,243169ccbab48476409433be56059b7810f345c1f9832b01d7b757542d57946e,True,243169ccbab48476409433be56059b7810f345c1f9832b01d7b757542d57946e,True,44100.0,1.0,19.616916099773242,19.6169161,-2.2675905597679957e-10,42.0,2.792582664035208,15.03984126984127,0.1,0.9119160997732436,3.7600000000000002,0.2020962106960495,7.0,-19.157862482651076,-45.412536963086694,351.1294475932789,233.2378871981909,498.941157451266,13.16481026878046,738.0,
103242:battle:0,103242,battle,combat,さあ、かかってきなさい！,BREMERTON_103242_BATTLE_WARCRY_S009_7cb946f5.wav,c9265facc1bb4b2acba1a6e011f00e9096a14f685ab25097217be1c6e8af4e42,True,c9265facc1bb4b2acba1a6e011f00e9096a14f685ab25097217be1c6e8af4e42,True,44100.0,1.0,2.874761904761905,2.874761905,-2.380953212366421e-10,10.0,5.714359758467878,1.7499773242630385,0.1,0.679761904761905,0.36,0.17183770883054894,1.0,-16.121455258467627,-65.98313679522859,406.15080104394957,210.71019130043126,535.3680923551408,16.14325276621071,84.0,
103242:detail:0,103242,detail,base_secretary,ブレマートンのお悩み相談室、普段どおり受付中よ♪指揮官も悩みがあったらなんでも聞いて？,BREMERTON_103242_DETAIL_DETAIL_S003_cc507128.wav,d7248cf267db2fb3df6344fde05a9d4804c5bb13ad6c4f70a6b224ec2723ebf4,True,d7248cf267db2fb3df6344fde05a9d4804c5bb13ad6c4f70a6b224ec2723ebf4,True,44100.0,1.0,8.504126984126984,8.504126984,1.269846450213663e-10,40.0,6.230573608363945,6.419954648526077,0.09,0.6791269841269836,1.36,0.17582417582417584,3.0,-16.88713571714221,-61.91815783757828,307.7441512677084,191.44619101516108,449.3313596230828,14.770089561144559,484.0,
103242:expedition:0,103242,expedition,base_secretary,委託組の子たちが戻ってきたわよ。ここは正義の味方らしく出迎えてあげないとね！,BREMERTON_103242_EXPEDITION_EXPEDITION_S010_cc507128.wav,ec5748bea9fb63bc87ce50389fde49c72c0d5aa0bf2dcd802d979e383f3e3e69,True,ec5748bea9fb63bc87ce50389fde49c72c0d5aa0bf2dcd802d979e383f3e3e69,True,44100.0,1.0,7.197845804988662,7.197845805,-1.1337597527472099e-11,36.0,6.611611549081096,5.444965986394558,0.08,0.6728458049886621,1.03,0.15981380915438323,1.0,-16.049483772781997,-63.65375703459855,311.95577202249376,203.98807659981918,482.92770330826784,14.919868794364,404.0,
103242:headtouch:0,103242,headtouch,base_secretary,お団子ヘアは定番だけど、新しくアレンジしてみたいわね,BREMERTON_103242_HEADTOUCH_TOUCH_HEAD_S095_cc507128.wav,74f05182e05b8415e7bbced26993905374d3e6549222b996fcde97d4b3bd93ad,True,74f05182e05b8415e7bbced26993905374d3e6549222b996fcde97d4b3bd93ad,True,44100.0,1.0,5.358231292517007,5.358231293,-4.829932009897675e-10,25.0,6.038680418243661,4.139977324263039,0.09,0.6832312925170063,0.46,0.10032715376226825,1.0,-17.14995178814047,-59.277058311307684,282.557861194158,188.8206025334063,497.4807494227359,16.771494142307603,334.0,
103242:login:0,103242,login,base_secretary,ふん！はぁー！…ふぅ……指揮官？見学しに来たの？ふふ、アタシはともかく、この明石が用意したセットはすごいでしょ？,BREMERTON_103242_LOGIN_LOGIN_S039_cc507128.wav,b3876d02207c04dea1151341f42849d19e89557c491ca85ec826c1a2fb64b9a3,True,b3876d02207c04dea1151341f42849d19e89557c491ca85ec826c1a2fb64b9a3,True,44100.0,1.0,13.364807256235828,13.364807256,2.3582735764193785e-10,46.0,5.159902021381316,8.914897959183673,0.09,0.6798072562358275,3.8000000000000003,0.3017070265978563,6.0,-17.191039551790254,-65.97506214781522,344.9569874892436,216.99775980153288,553.6095476177768,16.214264101755933,470.0,
103242:main:0,103242,main,base_secretary,あんなアクロバットな動きまでできちゃうなんて、平海と寧海はすごいわね…,BREMERTON_103242_MAIN_MAIN_1_S050_cc507128.wav,bd55ae7de2b2e090ba1446ace9abb1cbe80100021f4ff054e77d01c20003d17e,True,bd55ae7de2b2e090ba1446ace9abb1cbe80100021f4ff054e77d01c20003d17e,True,44100.0,1.0,7.685328798185941,7.685328798,1.8594104034264092e-10,33.0,5.379002927348531,6.134965986394558,0.1,0.6903287981859405,0.79,0.11457577955039884,1.0,-18.266320720374356,-50.80459374451051,311.24649292911454,225.62730079443605,476.55489489392016,12.944409188024178,459.0,
103242:main:1,103242,main,base_secretary,はああ！よし、うまくいった！って、わわわ艦船通信が鳴いてる！,BREMERTON_103242_MAIN_MAIN_2_S058_cc507128.wav,e6c5d4aa75c7f412ad72dec125eef24fd4ecd45021ce5da41a79233b36ceafb4,True,e6c5d4aa75c7f412ad72dec125eef24fd4ecd45021ce5da41a79233b36ceafb4,True,44100.0,1.0,7.94421768707483,7.944217687,7.482992003815525e-11,25.0,3.98728408992275,6.269931972789116,0.12,0.7392176870748299,0.89,0.12561750176429076,1.0,-16.106717810559058,-43.16299902335872,420.0465870688588,256.15589055495866,573.306879308425,13.947426266202493,397.0,
103242:main:2,103242,main,base_secretary,「必殺！スピニングバード、サンダーウィップ！」……あいたたた…運動神経が良くないアタシを恨む…,BREMERTON_103242_MAIN_MAIN_3_S065_cc507128.wav,9fcf12051179647edd49e52a317d3de8ab710270cd2a79a447334ec473b0a5c4,True,9fcf12051179647edd49e52a317d3de8ab710270cd2a79a447334ec473b0a5c4,True,44100.0,1.0,12.444580498866213,12.444580499,-1.3378809171626926e-10,38.0,4.217567914470804,9.009931972789115,0.1,0.6695804988662122,2.74,0.23468950749464668,4.0,-16.465841703394265,-62.634702343822724,400.60784461409366,248.07747822894086,554.2988155182182,13.918477907497175,591.0,
103242:mission_complete:0,103242,mission_complete,base_secretary,任務完了！次のカットを撮るまでに報酬を受け取っておいてね,BREMERTON_103242_MISSION_COMPLETE_MISSION_COMPLETE_S072_cc507128.wav,1d0110c83b4aa4f86b64a750670a2effe9f072f464ff33ee78b24127e77dd2ce,True,1d0110c83b4aa4f86b64a750670a2effe9f072f464ff33ee78b24127e77dd2ce,True,44100.0,1.0,6.244875283446712,6.244875283,4.467120007234371e-10,27.0,6.271826556895216,4.304965986394558,0.08,0.6798752834467114,1.21,0.22060164083865086,2.0,-16.21383230452635,-65.89274876138495,302.20461869617793,213.8410810476236,491.53084104664055,14.408914860722428,324.0,
103242:touch:0,103242,touch,base_secretary,んん…そこ効く～……こういうアクションは疲れが残るわね…,BREMERTON_103242_TOUCH_TOUCH_1_S082_cc507128.wav,739ea3746ac23230169088e0d05cbfc776b0b163662dd57cf340f4a08cb0079c,True,739ea3746ac23230169088e0d05cbfc776b0b163662dd57cf340f4a08cb0079c,True,44100.0,1.0,9.821927437641722,9.821927438,-3.582769636523153e-10,23.0,3.0443826143331805,7.554897959183673,0.09,0.7269274376417219,1.57,0.17434758467518044,1.0,-19.297170377246324,-41.760910033939794,394.1282788130947,254.20384720260745,616.0231730330663,15.323985087500724,466.0,
103242:touch2:0,103242,touch2,base_secretary,ふふん、さてはこの技を試されたいわけ～？,BREMERTON_103242_TOUCH2_TOUCH_2_S089_cc507128.wav,4fb5db2b1a4fbd6158fc435003eeac8855064a85e369cbe796bf83cff23b3502,True,4fb5db2b1a4fbd6158fc435003eeac8855064a85e369cbe796bf83cff23b3502,True,44100.0,1.0,5.405691609977325,5.40569161,-2.2675195054944197e-11,17.0,4.213170583673332,4.034965986394558,0.12,0.7006916099773246,0.58,0.12649945474372953,1.0,-16.664303513452992,-46.18333814042742,280.73707627565494,189.98651756740114,472.5442090404268,15.774627197470082,309.0,
103242:unlock:0,103242,unlock,base_secretary,「そこまでよ悪党ども、ここで会ったが百年目、今までしてきた悪事を全部償ってもらうわ！」……んーやっぱりビシッと決めるのは難しいわね,BREMERTON_103242_UNLOCK_GET_S025_cc507128.wav,23e0650db378f2f4ba828ac881d8638b7fa543baef07923a5de77e344a1b63ad,True,23e0650db378f2f4ba828ac881d8638b7fa543baef07923a5de77e344a1b63ad,True,44100.0,1.0,16.036802721088435,16.036802721,8.843414889270207e-11,58.0,4.959427624116569,11.694897959183674,0.08,0.6818027210884345,3.7,0.24222585924713586,3.0,-16.90776847458573,-62.66703132411132,280.66283954773786,205.42756003244054,496.491087368978,15.277656889426673,807.0,
103243:detail:0,103243,detail,base_secretary,お悩み相談室の稼働が気になる？大丈夫、今日は「一日お休み」って書いてあるよ。えへへ、指揮官、お買い物デートに集中、集中～,BREMERTON_103243_DETAIL_DETAIL_S004_cc507128.wav,39be83b7256c5cfc3aca41b261b98f291ff85cba2f141cebaf36506313263b4e,True,39be83b7256c5cfc3aca41b261b98f291ff85cba2f141cebaf36506313263b4e,True,44100.0,1.0,15.27172335600907,15.271723356,9.070078021977679e-12,51.0,4.657572826994084,10.949909297052153,0.09,0.636723356009071,3.7,0.2543829494671709,6.0,-16.612091133116678,-59.0083677852828,310.12323576609407,189.0572394313667,477.7477973852031,16.049113528114383,719.0,
103243:feeling5:0,103243,feeling5,affinity,今日はいっぱい楽しんだね~よし、これは後で日記に書き込もうっと…んーこれは第一回として、第二回第三回はどんなのがいいか――指揮官、なんかアイデアある？,BREMERTON_103243_FEELING5_FEELING5_S019_cc507128.wav,b55949f90b9d7c76c9c56c5f4dacb9dc2b49870f8b24cb635d8e251087a48a7d,True,b55949f90b9d7c76c9c56c5f4dacb9dc2b49870f8b24cb635d8e251087a48a7d,True,44100.0,1.0,17.6712925170068,17.671292517,6.799893981224159e-12,67.0,5.104819231314119,13.12485260770975,0.08,0.6862925170068017,3.96,0.23425022182786157,5.0,-16.866611442289226,-59.7941533162052,283.6552044068364,194.58830620969835,484.90163515583276,15.807205257483211,889.0,
103243:home:0,103243,home,base_secretary,タピオカミルクティーもうひとつ！氷なしで砂糖はハーフで！あ、荷物持ちの指揮官、よろしく！,BREMERTON_103243_HOME_HOME_S032_cc507128.wav,43249c5da89c1b2e5f804d367bacc9163f1f021d8d31786ce6ac8608de691d4a,True,43249c5da89c1b2e5f804d367bacc9163f1f021d8d31786ce6ac8608de691d4a,True,44100.0,1.0,8.755895691609977,8.755895692,-3.900222367292372e-10,39.0,6.290391599644499,6.199931972789115,0.09,0.6008956916099759,1.94,0.240545567265964,3.0,-14.890172386136541,-63.68947666824444,381.4105876991613,200.8792412550005,578.5149340356216,18.312308612033167,409.0,
103243:login:0,103243,login,base_secretary,指揮官、今日の服にちょっと感想くれない？あ、綺麗とか可愛いとかは普通すぎるからNGだよ？,BREMERTON_103243_LOGIN_LOGIN_S040_cc507128.wav,858e35178c3e1d129e1171956cd2f1c075dfe2ed00844b47bdbfc7488112b801,True,858e35178c3e1d129e1171956cd2f1c075dfe2ed00844b47bdbfc7488112b801,True,44100.0,1.0,10.600566893424036,10.600566893,4.240359174900732e-10,38.0,4.89066198165491,7.769909297052155,0.09,0.715566893424036,2.13,0.21745788667687596,4.0,-17.143850008869556,-61.047030331771296,314.814917915857,208.84041358138975,467.0464307650194,13.933980716328037,467.0,
103243:main:0,103243,main,base_secretary,好感度は少しずつ稼ぐものだから、たかがデートと侮ることなかれ、ってね,BREMERTON_103243_MAIN_MAIN_1_S051_cc507128.wav,e196e5fed2a91a2fba6dac66192f97d253b7fa15b52fd6d13a5e28cfdb72b330,True,e196e5fed2a91a2fba6dac66192f97d253b7fa15b52fd6d13a5e28cfdb72b330,True,44100.0,1.0,7.1138321995464855,7.1138322,-4.5351455923992035e-10,32.0,5.8341291594835605,5.484965986394558,0.09,0.6188321995464854,0.9500000000000001,0.1483216237314598,2.0,-16.784134413378588,-58.7703977956251,273.6622916649902,179.04182301225075,405.63605369417684,14.158671076730835,386.0,
103243:main:1,103243,main,base_secretary,指揮官もこれ飲む？あっ…ううん、飲んで！さあさあ、そう顔を赤くしなくてもいいから！,BREMERTON_103243_MAIN_MAIN_2_S059_cc507128.wav,50009ff8b6330926def6a3bd19cdcdf1a0996173803f5d39a061896fc9244a0e,True,50009ff8b6330926def6a3bd19cdcdf1a0996173803f5d39a061896fc9244a0e,True,44100.0,1.0,11.104013605442177,11.104013605,4.4217607353402855e-10,35.0,4.394256008472501,7.964943310657596,0.09,0.6390136054421767,2.47,0.23807228915662654,3.0,-17.283010574056984,-64.33253035901294,325.95392735352164,232.35618063200877,513.5330848125947,13.729430467536673,435.0,
103243:main:2,103243,main,base_secretary,デートなんだし、街を歩くに決まってるじゃない？うん、次はあっちの店に行こー！,BREMERTON_103243_MAIN_MAIN_3_S066_cc507128.wav,ba883e2cf148e7198d89d98f0f51f1895c93d6c7bebfb3837575b2327413a381,True,ba883e2cf148e7198d89d98f0f51f1895c93d6c7bebfb3837575b2327413a381,True,44100.0,1.0,8.028956916099773,8.028956916,9.977263459859387e-11,34.0,5.913090116061253,5.749954648526077,0.09,0.6239569160997727,1.61,0.22009569377990432,2.0,-15.79638393682931,-63.474586321226504,335.7467663986223,202.33251077422486,536.1736125890667,16.87166483006086,382.0,
103243:touch:0,103243,touch,base_secretary,もうちょっと休憩したい？はは、アタシが誘ったもんね～。んー、じゃあもうちょっとここで休もっか,BREMERTON_103243_TOUCH_TOUCH_1_S083_cc507128.wav,8a82d2db11d69e0679f53a5116ffc4f9c10cc3413a4a8aac2e627a1d4d81fc44,True,8a82d2db11d69e0679f53a5116ffc4f9c10cc3413a4a8aac2e627a1d4d81fc44,True,44100.0,1.0,10.61344671201814,10.613446712,1.8140156043955358e-11,41.0,5.356016150102345,7.654943310657597,0.1,0.6184467120181392,2.3000000000000003,0.23244062657908035,2.0,-17.709000613919216,-64.29572579696631,326.6801193049582,211.17173007082354,524.0106940391988,15.734154517811962,480.0,
103243:touch2:0,103243,touch2,base_secretary,これ、何か狙ってるの？,BREMERTON_103243_TOUCH2_TOUCH_2_S090_cc507128.wav,f8de4405ea3d22bd047f7097e59a85b71e66f109b9febf48071ab5dea5ea82da,True,f8de4405ea3d22bd047f7097e59a85b71e66f109b9febf48071ab5dea5ea82da,True,44100.0,1.0,3.5117460317460316,3.511746032,-2.539684018643129e-10,9.0,4.186090661716625,2.1499773242630384,0.09,0.6667460317460319,0.62,0.2250453720508167,1.0,-16.080340685229018,-63.5852682139399,259.0266028278959,191.44074661405656,415.7276296228466,13.424888465426204,166.0,
103243:unlock:0,103243,unlock,base_secretary,今の所戦利品はこんなとこかな。よし、ちょっとここでいい雰囲気で休憩してからもう一回回ろ♪,BREMERTON_103243_UNLOCK_GET_S026_cc507128.wav,5b7a1602b3fa762e0fe3e1de31621fa09cbf6db78c698b784d0386265eba1f5b,True,5b7a1602b3fa762e0fe3e1de31621fa09cbf6db78c698b784d0386265eba1f5b,True,44100.0,1.0,9.16312925170068,9.163129252,-2.99319680152621e-10,41.0,5.916344634191832,6.929954648526077,0.09,0.6881292517006798,1.5,0.17889087656529518,3.0,-17.083489273391258,-63.3058658424498,325.16771099996726,238.25210701524574,489.12014275917886,12.452398866631011,481.0,
103244:detail:0,103244,detail,base_secretary,なるほど、その悩みなら今度からこうするといいかもよ…この音は…艦船通信が鳴ってる！あっ気にしないでー今は指揮官のほうが大事だから！,BREMERTON_103244_DETAIL_DETAIL_S005_cc507128.wav,fce1a73fa8ee7e281da0a90884b0b3c91be47ff976083530c1332a0e10935288,True,fce1a73fa8ee7e281da0a90884b0b3c91be47ff976083530c1332a0e10935288,True,44100.0,1.0,17.046462585034014,17.046462585,3.4013680760835996e-11,60.0,4.683873914221027,12.809909297052155,0.1,0.6914625850340137,3.5500000000000003,0.2183943402030145,6.0,-18.597362451453005,-57.21844837779189,349.69480184653366,195.11355450822606,577.5932558825632,18.788878702103432,866.0,
103244:expedition:0,103244,expedition,base_secretary,委託組の子たちが戻ってきたわよ。悩みの続きはあとで聞くから、ここは一旦出迎えに行こう！,BREMERTON_103244_EXPEDITION_EXPEDITION_S011_cc507128.wav,0b955d3c259e7c54a7f511677e7bf048a06f6a9453793d414018883e8cb72df6,True,0b955d3c259e7c54a7f511677e7bf048a06f6a9453793d414018883e8cb72df6,True,44100.0,1.0,8.140226757369614,8.140226757,3.696136730013677e-10,40.0,6.562792981829546,6.094965986394558,0.08,0.6652267573696138,1.33,0.17985125084516565,2.0,-18.30784264750237,-67.50358142050719,313.72513381865133,213.59457002212133,519.0011819427327,15.37035423168091,436.0,
103244:home:0,103244,home,base_secretary,あっ、アロマ加湿器をつけてくるね！指揮官も香りとかの希望があったら遠慮せず教えて,BREMERTON_103244_HOME_HOME_S033_cc507128.wav,fdd96198bcfb8028f02fe76bda095d19fe9595452fdc1c44ae3accd492c31ca1,True,fdd96198bcfb8028f02fe76bda095d19fe9595452fdc1c44ae3accd492c31ca1,True,44100.0,1.0,8.29689342403628,8.296893424,3.6280312087910715e-11,38.0,6.265516106840547,6.064943310657596,0.08,0.7218934240362804,1.49,0.19879919946631086,2.0,-19.046994245879272,-54.38494491858654,281.16355738596894,174.7424251777149,529.1236537638616,19.18049993576793,396.0,
103244:login:0,103244,login,base_secretary,いや～着替えたら生き返ったぁ！ほらほら、指揮官も早く着替えてきて～,BREMERTON_103244_LOGIN_LOGIN_S041_cc507128.wav,995c0be7c221a389af66f1e81756be01da59ff995acf8bb2737b81f28a34c44c,True,995c0be7c221a389af66f1e81756be01da59ff995acf8bb2737b81f28a34c44c,True,44100.0,1.0,10.189773242630386,10.189773243,-3.696136730013677e-10,29.0,3.540932952355638,8.189931972789116,0.11,0.7147732426303843,1.25,0.1334757074212493,1.0,-19.266112113117536,-47.84802426935026,383.4867323088355,214.4615721444506,675.5164841411696,19.86326172584133,520.0,
103244:main:0,103244,main,base_secretary,お悩み相談室といっても、普段のアタシの部屋をちょっとアレンジしただけだから、あ、あまりジロジロ見ないで,BREMERTON_103244_MAIN_MAIN_1_S052_cc507128.wav,aee5003dc6f2c68e344e2c967b63029a0ba37d2e954d87740f249288ea47baa7,True,aee5003dc6f2c68e344e2c967b63029a0ba37d2e954d87740f249288ea47baa7,True,44100.0,1.0,10.94734693877551,10.947346939,-2.2449064829288545e-10,48.0,5.402411790978116,8.884920634920634,0.09,0.7923469387755091,1.27,0.12617983109786388,1.0,-19.472099647679514,-45.681260108910074,333.29890990433,212.4157518664846,549.2461672917146,16.446745716237444,643.0,
103244:main:1,103244,main,base_secretary,どういたしまして！ボルチモアのように運動は得意じゃないけど、アドバイスくらいはお安い御用だよ！,BREMERTON_103244_MAIN_MAIN_2_S060_cc507128.wav,0406b5bfe2ddd11223554b87780fa3778b2cbdf9fce4f9d4fed640216991b6ed,True,0406b5bfe2ddd11223554b87780fa3778b2cbdf9fce4f9d4fed640216991b6ed,True,44100.0,1.0,8.79204081632653,8.792040816,3.2652991421855404e-10,44.0,6.552527606118935,6.714965986394557,0.11,0.6870408163265296,1.31,0.16385240775484677,2.0,-18.455927486987093,-57.693121679514675,306.96414386281083,181.53757167716765,451.95182583649387,15.79081004942929,519.0,
103244:main:2,103244,main,base_secretary,うーん、艦船通信にアップする最後の一枚が決められない…指揮官、どっちがいいと思う？ってそっちのアルバムじゃなくて…！,BREMERTON_103244_MAIN_MAIN_3_S067_cc507128.wav,765b3e8f956760cfb34ff36990fa50cc560511c1faeefd0807be49563f9cc0cd,True,765b3e8f956760cfb34ff36990fa50cc560511c1faeefd0807be49563f9cc0cd,True,44100.0,1.0,14.390226757369614,14.390226757,3.696136730013677e-10,52.0,4.640818234619144,11.204920634920635,0.09,0.7152267573696136,2.47,0.18181818181818182,3.0,-19.349133884740645,-55.82965466259914,297.08682074084174,210.46763498820718,528.2655218616168,15.931978266390534,757.0,
103244:touch:0,103244,touch,base_secretary,ふふ、このラグ気持ちいいよね？一緒に寝転んでみる？,BREMERTON_103244_TOUCH_TOUCH_1_S084_cc507128.wav,a9fe9950f14df2890f93a861183f64f481e703352bdfbeac450d7c06a21f181d,True,a9fe9950f14df2890f93a861183f64f481e703352bdfbeac450d7c06a21f181d,True,44100.0,1.0,8.025759637188209,8.025759637,1.8820855984813534e-10,22.0,3.928603244276355,5.599954648526077,0.08,0.6807596371882081,1.71,0.2353750860289057,2.0,-20.064238984382033,-62.18503545575045,335.1702328272199,217.9393709332269,568.3500499841919,16.594235080320907,383.0,
103244:touch2:0,103244,touch2,base_secretary,今は…相談屋モードだからねっ。ごめん♪,BREMERTON_103244_TOUCH2_TOUCH_2_S091_cc507128.wav,88d9b8b72f31bab44138a4d776b199662aa4d48d0455e6fb571df7feb95ec74b,True,88d9b8b72f31bab44138a4d776b199662aa4d48d0455e6fb571df7feb95ec74b,True,44100.0,1.0,5.732698412698412,5.732698413,-3.015871996581154e-10,16.0,3.7691703658595217,4.244965986394558,0.09,0.6776984126984118,0.75,0.15105740181268879,2.0,-20.06520775094741,-67.0288809899768,355.40210373258213,221.477901419943,526.5565700794814,14.993109324839942,275.0,
103244:unlock:0,103244,unlock,base_secretary,ブレマートンのお悩み相談室へようこそ！今日一日お疲れの指揮官のために…じゃじゃーん！お揃いのルームウェア用意してきたよ♪,BREMERTON_103244_UNLOCK_GET_S027_cc507128.wav,b30ebcc038c26a131dd98ee0e24d7b0a376fae85b6540be858ff82b5373a6274,True,b30ebcc038c26a131dd98ee0e24d7b0a376fae85b6540be858ff82b5373a6274,True,44100.0,1.0,12.98764172335601,12.987641723,3.560103323252406e-10,56.0,5.758388322801781,9.724943310657597,0.09,0.7126417233560094,2.52,0.2068116536725482,4.0,-17.8657402268566,-57.0603299200416,342.39280450599483,190.4189698882472,590.6162893741406,19.59652724689517,745.0,
103245:detail:0,103245,detail,base_secretary,せっかく指揮官と遊びに来たんだから、誰だって「らしくない」ことの1つや2つはしたくなっちゃうでしょ？今更抵抗してもムダなんだから、大人しくアタシにリードを任せたほうがいいわよ？,BREMERTON_103245_DETAIL_DETAIL_S006_cc507128.wav,672cf51ac559aade4674fe298da7ea8bd2c46cd46937fb59c7ac3229bc0e147b,True,672cf51ac559aade4674fe298da7ea8bd2c46cd46937fb59c7ac3229bc0e147b,True,44100.0,1.0,15.154104308390023,15.154104308,3.900222367292372e-10,80.0,6.799875875281642,11.764920634920635,0.09,0.6591043083900221,2.73,0.1895175286358903,4.0,-17.021759889921093,-66.927291749515,312.2198047151606,209.55853457579786,477.13450793349455,14.244513024226272,824.0,
103245:expedition:0,103245,expedition,base_secretary,委託の子たちが…って指揮官なんで知ってるの？！まさか布団の中にスマホでも隠してる？！,BREMERTON_103245_EXPEDITION_EXPEDITION_S012_cc507128.wav,0c998086f9970db65b201eabad7745509db33e74434aed1ef0cb83280d194c91,True,0c998086f9970db65b201eabad7745509db33e74434aed1ef0cb83280d194c91,True,44100.0,1.0,8.290657596371883,8.290657596,3.7188208068528184e-10,37.0,5.882395353783703,6.289954648526077,0.08,0.6856575963718825,1.28,0.17009966777408636,1.0,-15.873384761987072,-65.38204436909011,436.7723166564941,300.6486667769416,562.1710857046236,10.835168306088672,416.0,
103245:feeling5:0,103245,feeling5,affinity,ふぅ。…今更だけど、強引に押しかけちゃって本当にごめん！遊園地でほかの子と一緒に遊んでいる指揮官を見たら…ああ妬いちゃったって意味じゃないわよ？アタシの番はいつになるのかなぁってちょっと焦っちゃって…///,BREMERTON_103245_FEELING5_FEELING5_S020_cc507128.wav,edf4320540973609665489b712561a4ae42f406b78cc9ee7f9830967a882d603,True,edf4320540973609665489b712561a4ae42f406b78cc9ee7f9830967a882d603,True,44100.0,1.0,22.973605442176872,22.973605442,1.7687185049908294e-10,93.0,5.445022702530468,17.07981859410431,0.1,0.6786054421768739,5.34,0.24059472854246455,8.0,-18.703703429274842,-63.80174490532428,340.35525872012516,225.05367754201237,490.80026743557016,13.498402746130747,1092.0,
103245:home:0,103245,home,base_secretary,ふはぁ～、生き返ったぁ～！お風呂のお湯を抜いて、サウナの準備もしてぇ…指揮官、次の「癒やし」への準備はできてるかな？,BREMERTON_103245_HOME_HOME_S034_cc507128.wav,29a857125058b475138ab13074b255b7a516f84be5e78d1be10abfe3c7c9b40b,True,29a857125058b475138ab13074b255b7a516f84be5e78d1be10abfe3c7c9b40b,True,44100.0,1.0,16.060816326530613,16.060816327,-4.69388083956801e-10,48.0,3.814095287516622,12.584897959183673,0.1,0.695816326530613,2.8000000000000003,0.18342613822469703,3.0,-17.55655016987879,-60.0650189223289,358.4350032340561,204.65232341730564,589.5222359219215,18.316454217652076,853.0,
103245:login:0,103245,login,base_secretary,おはよう指揮官！人が頑張ってマッサージしてるのによくもまぁ寝ちゃってくれて…ふっふっふー、さてはもう少し「刺激」を強くしてほしいのかな～？,BREMERTON_103245_LOGIN_LOGIN_S042_cc507128.wav,092c1b97264aa5a36d256e4d240c49835766fafd38dc2dbefafcb94bbb9ef3cb,False,,,,,,,,,,,,,,,,,,,,,,,16.38553288
103245:lose:0,103245,lose,combat,ちょ、調子に乗りすぎたかな…？,BREMERTON_103245_LOSE_LOSE_S004_7cb946f5.wav,be5ed04f64b193e459d6c774d6143065c1aa00fd4943ebccf25d7390ae990025,True,be5ed04f64b193e459d6c774d6143065c1aa00fd4943ebccf25d7390ae990025,True,44100.0,1.0,3.503628117913832,3.503628118,-8.61679616548372e-11,12.0,4.878093745679126,2.4599773242630385,0.09,0.6986281179138318,0.27,0.09944751381215469,1.0,-19.265834810038804,-67.79638369813796,320.999824840591,288.30265931718986,464.7244379512103,8.265496414499676,171.0,
103245:mail:0,103245,mail,base_secretary,指揮官への手紙？ああそれなら先に言って！危うく捨てるところだった…,BREMERTON_103245_MAIL_MAIL_S047_cc507128.wav,dc70bacf7d2aff5f21cf2cf0ca68e2b5823507d9549eccb4dc610cd894bd95f0,True,dc70bacf7d2aff5f21cf2cf0ca68e2b5823507d9549eccb4dc610cd894bd95f0,True,44100.0,1.0,7.879977324263039,7.879977324,2.630384798862906e-10,30.0,4.830953154725607,6.209954648526077,0.09,0.6649773242630381,0.96,0.13473684210526313,1.0,-17.487720165227692,-64.58550620784395,372.808961626518,234.74430708029846,546.3011640261768,14.623275916503903,404.0,
103245:main:0,103245,main,base_secretary,昼は見かけなかったって？遊園地の準備とか指揮官への誘い方とか、相談屋の仕事がちょっと多かったんだよね～。ふふん、出遅れた分はここで取り返すから！,BREMERTON_103245_MAIN_MAIN_1_S053_cc507128.wav,a278c464c23af4edd0db67ced9b55eccbe62b126aee733ac713ae469f15aa3dd,True,a278c464c23af4edd0db67ced9b55eccbe62b126aee733ac713ae469f15aa3dd,True,44100.0,1.0,15.246394557823129,15.246394558,-1.7687185049908294e-10,66.0,5.418759564652396,12.179909297052154,0.08,0.6813945578231273,2.41,0.16637901277183292,2.0,-17.00775456758828,-56.32314033914201,313.32244492806194,212.56768143960133,510.90235913161814,15.181503957145459,837.0,
103245:main:1,103245,main,base_secretary,ヘトヘトになって爆睡するのもいいけど、その前にきっちりコンディションを整えないと疲れも取れなくなるわよ？大きな浴槽に体を沈めて、こうしてアタシにマッサージされてからじゃないと♪,BREMERTON_103245_MAIN_MAIN_2_S061_cc507128.wav,d87a2d2d64cf53b58714193225a55bde9cf1c595d8cf719b9c83b9ed7391f04a,True,d87a2d2d64cf53b58714193225a55bde9cf1c595d8cf719b9c83b9ed7391f04a,True,44100.0,1.0,17.14344671201814,17.143446712,1.8140156043955358e-11,84.0,6.30160755294718,13.329931972789115,0.1,0.6884467120181412,3.1,0.18954448180984412,4.0,-17.32266497542226,-66.94917308677752,289.50016420296583,203.67032271302116,453.22392296060775,13.847858847061005,954.0,
103245:main:2,103245,main,base_secretary,まったく指揮官って本当に不用心ね。誰なのかって確認しないまま部屋の鍵を開けるなんて…こうして襲われるのなんて当たり前じゃない？,BREMERTON_103245_MAIN_MAIN_3_S068_cc507128.wav,2d1970f5b9914a346e70d5e4d9b55de917372c0610a23841cae9c1c190a32bb4,True,2d1970f5b9914a346e70d5e4d9b55de917372c0610a23841cae9c1c190a32bb4,True,44100.0,1.0,14.057256235827664,14.057256236,-1.723368114880941e-10,60.0,5.464514730026951,10.979931972789116,0.1,0.6822562358276638,2.37,0.17853107344632768,3.0,-18.11319471092773,-58.916110180472366,323.4781104735826,209.27809043343274,447.57846272203506,13.160632008695986,821.0,
103245:mission:0,103245,mission,base_secretary,この状況でよく任務の話なんてできるわね…しょうがない。アタシにできることがあったら何でも言って！,BREMERTON_103245_MISSION_TASK_S079_cc507128.wav,2ad766ecf77e874fa8581103e5f1f48d0b24a7e665ed4c07d6bb3b5164208318,True,2ad766ecf77e874fa8581103e5f1f48d0b24a7e665ed4c07d6bb3b5164208318,True,44100.0,1.0,11.237913832199547,11.237913832,1.9954704555402714e-10,45.0,5.528301729109036,8.139931972789116,0.09,0.7329138321995465,2.35,0.22563610177628418,3.0,-18.339594926822485,-67.35148803116381,271.3862976907669,186.33331852077487,424.5069491437388,14.25483003732105,610.0,
103245:mission_complete:0,103245,mission_complete,base_secretary,任務完了！ふぅ…指揮官は動かないでそのまま横になってて～,BREMERTON_103245_MISSION_COMPLETE_MISSION_COMPLETE_S073_cc507128.wav,892304767d4c1d65283f0f8095dd7743d03d2580bd1dfe979dd1ba577156f70a,True,892304767d4c1d65283f0f8095dd7743d03d2580bd1dfe979dd1ba577156f70a,True,44100.0,1.0,7.766984126984127,7.766984127,-1.5872636538460938e-11,25.0,4.659881484737567,5.364943310657597,0.09,0.6919841269841269,1.68,0.24051539012168932,2.0,-16.16671584004876,-67.1114717223596,326.7361223386413,227.8012565867856,552.8733195220644,15.350078961748313,353.0,
103245:touch:0,103245,touch,base_secretary,よっこいしょ……っ！ん？ちょっと力を入れすぎた？,BREMERTON_103245_TOUCH_TOUCH_1_S085_cc507128.wav,8ee82a6699b72dcacc11d4f4c3e7d9e950c261f5527bee9ff115ee1a8b27cc86,True,8ee82a6699b72dcacc11d4f4c3e7d9e950c261f5527bee9ff115ee1a8b27cc86,True,44100.0,1.0,6.728140589569161,6.72814059,-4.3083847600655645e-10,19.0,4.92236654271162,3.8599319727891155,0.09,0.6831405895691605,2.17,0.3643996641477749,4.0,-21.03283787275039,-68.75943292417348,318.87336972783993,193.89069974313094,502.67520001969774,16.49259491895871,213.0,
103245:touch2:0,103245,touch2,base_secretary,ほぉら、指揮官はこのままアタシに癒やされていいんだからね♪,BREMERTON_103245_TOUCH2_TOUCH_2_S092_cc507128.wav,8b97ff5499dfab89b1b1eddf7e6bd012d453d2a48a57e24a8fd24310b01d9e98,True,8b97ff5499dfab89b1b1eddf7e6bd012d453d2a48a57e24a8fd24310b01d9e98,True,44100.0,1.0,7.035986394557823,7.035986395,-4.4217696171244825e-10,27.0,5.336016204782562,5.059954648526077,0.09,0.6709863945578229,1.26,0.20079681274900396,2.0,-18.746605882450332,-67.03456656084975,280.01987458966687,200.40420599878902,500.50679218077585,15.845722318994682,380.0,
103245:unlock:0,103245,unlock,base_secretary,指揮官、動かないでね～。この体勢じゃ力を抜かないとこっちもうまく動けないんだから。素直に疲れた体を私に預けて――ほぉら、手から腕、首筋と肩をぐっと押し込んでっと！,BREMERTON_103245_UNLOCK_GET_S028_cc507128.wav,30c63c6eaaf2ace83d4afd8685a8c2bd26f75a9c98d20a1e7e2a96752a0595ed,True,30c63c6eaaf2ace83d4afd8685a8c2bd26f75a9c98d20a1e7e2a96752a0595ed,True,44100.0,1.0,22.138185941043083,22.138185941,4.3083758782813675e-11,72.0,4.236576901369363,16.99485260770975,0.1,0.6931859410430832,4.53,0.21222768798313424,6.0,-19.13405162631673,-61.162488936659386,327.6473677304021,215.86875657534614,502.5361964215918,14.62887673757772,1125.0,
103245:win_mvp:0,103245,win_mvp,combat,指揮官だけじゃなく、アタシもリフレッシュできたよ！ふふん♪,BREMERTON_103245_WIN_MVP_MVP_S006_7cb946f5.wav,38c25ecd3cfd2b2ef90dbce4fdacb1f391c414afd704b1fcbef3be100c6ba677,True,38c25ecd3cfd2b2ef90dbce4fdacb1f391c414afd704b1fcbef3be100c6ba677,True,44100.0,1.0,5.124580498866213,5.124580499,-1.3378720353784956e-10,26.0,7.6810225285877936,3.384965986394558,0.09,0.6695804988662131,1.01,0.23138602520045817,2.0,-17.864067111933302,-67.42863870045005,350.2891252840247,227.36786952278362,529.8584535479844,14.64694338176163,205.0,
103248:feeling5:0,103248,feeling5,affinity,気づけば艦船通信は指揮官のことでいっぱい…幸せを分け合う気持ちと、一人占めしたい気持ちが…指揮官、アタシどうすればいいかな～♪,BREMERTON_103248_FEELING5_FEELING5_S021_cc507128.wav,7f830e986fbafe751c48b9730cbcbee4828c873fd2bd737c600712b86a560c96,True,7f830e986fbafe751c48b9730cbcbee4828c873fd2bd737c600712b86a560c96,True,44100.0,1.0,15.906417233560092,15.906417234,-4.3990766585011443e-10,57.0,4.689458838278312,12.154920634920636,0.09,0.9214172335600903,2.83,0.1899966431688486,3.0,-20.29041590400989,-60.17479025050331,327.1260372701208,238.90235608391637,464.20378023962644,11.500046272896048,691.0,
103248:home:0,103248,home,base_secretary,指揮官、おかえり！艦船通信を更新する前に、ぎゅーっとハグしてほしいな～！あはは♪,BREMERTON_103248_HOME_HOME_S035_cc507128.wav,f48b23dd345f6c94496aef4632c576d9143e75c9b591cb69dd1bd4aaa76a17a8,True,f48b23dd345f6c94496aef4632c576d9143e75c9b591cb69dd1bd4aaa76a17a8,True,44100.0,1.0,10.230204081632653,10.230204082,-3.67347041674293e-10,34.0,4.582252253078213,7.419931972789116,0.09,0.6752040816326534,2.12,0.22398309561542526,3.0,-18.06502480012111,-64.9709401853495,380.1064021852087,263.8182203566074,529.5423162710679,12.062421235988658,503.0,
103248:login:0,103248,login,base_secretary,指揮官、おかえり！艦船通信「指揮官と一緒に…」って更新更新っと,BREMERTON_103248_LOGIN_LOGIN_S043_cc507128.wav,3251cccf5ff4095ef06dbd0189787c74b445fd8f85164042f5ebf230e5800fb5,True,3251cccf5ff4095ef06dbd0189787c74b445fd8f85164042f5ebf230e5800fb5,True,44100.0,1.0,10.135532879818594,10.13553288,-1.8140511315323238e-10,26.0,3.4391947017324953,7.559909297052154,0.1,0.6905328798185941,1.8900000000000001,0.20224719101123595,3.0,-19.085626203620215,-57.47486387808509,347.90922154928484,197.51588170496564,609.9548900388363,19.5208066713066,455.0,
103248:main:0,103248,main,base_secretary,この衣装、案外動きやすいね。これを着ながら体を動かしに…例えばテニスとかでもしてみない？あはは、なんちゃって♪,BREMERTON_103248_MAIN_MAIN_1_S054_cc507128.wav,424309a1ed09388c329c81da0e292caa2fbe71b20f3421003a3a18228a93827a,True,424309a1ed09388c329c81da0e292caa2fbe71b20f3421003a3a18228a93827a,True,44100.0,1.0,13.577709750566893,13.577709751,-4.3310777186889027e-10,49.0,4.858750202363607,10.084897959183673,0.09,0.6927097505668929,2.83,0.22118014849550607,4.0,-18.49690773995291,-59.10644672668978,355.26329713855034,216.50339677701749,527.2503037906705,15.409180335960635,702.0,
103248:main:1,103248,main,base_secretary,ブーケトスって幸せをおすそ分けするって意味らしいよ。幸せも希望も、もっと多くの人に広められたらいいね,BREMERTON_103248_MAIN_MAIN_2_S062_cc507128.wav,4d3d916ef8df352532a62ce5a63f50d85bf06e043927eb5d022242541d9bddb6,True,4d3d916ef8df352532a62ce5a63f50d85bf06e043927eb5d022242541d9bddb6,True,44100.0,1.0,10.792766439909297,10.79276644,-9.070255657661619e-11,48.0,5.940660746960631,8.079909297052154,0.09,0.6777664399092966,2.05,0.20448877805486282,2.0,-18.977908527984276,-62.047973547136465,293.89291132418947,215.28654419955805,419.2806394610755,11.539896757682094,569.0,
103248:main:2,103248,main,base_secretary,（パシャッ！）指揮官のかわいい顔がうまく撮れた！保存保存っと…艦船通信を更新しないのかって？ふふん、これはアタシだけの思い出として取っとくの。みんなには見せてあげないもーん♪,BREMERTON_103248_MAIN_MAIN_3_S069_cc507128.wav,a6b9882dbd51559d08ba469e156f9ab651ebf9b90134f01b1e92ae84bcf819fb,True,a6b9882dbd51559d08ba469e156f9ab651ebf9b90134f01b1e92ae84bcf819fb,True,44100.0,1.0,18.72689342403628,18.726893424,3.6280312087910715e-11,78.0,5.477571702238451,14.239886621315193,0.1,0.7018934240362817,3.8200000000000003,0.2131101813110182,3.0,-18.254536638116395,-55.6370671962073,358.686792604955,219.85855925133816,524.8075592566854,15.062553620311371,1045.0,
103248:touch:0,103248,touch,base_secretary,ん？指揮官もブーケを持ってみたいの？あるにはあるけど…,BREMERTON_103248_TOUCH_TOUCH_1_S086_cc507128.wav,4cfdb15c449975587a43433948dbd74d256dd75b0bf1ba8cd8255093f1fad0dd,True,4cfdb15c449975587a43433948dbd74d256dd75b0bf1ba8cd8255093f1fad0dd,True,44100.0,1.0,6.184308390022676,6.18430839,2.2676083233363897e-11,24.0,5.568504069574734,4.309954648526077,0.08,0.6693083900226755,1.17,0.2152713891444342,2.0,-17.968465899731584,-67.1550982819677,295.01919077811675,218.4426767401738,515.360916517601,14.859940692936542,331.0,
103248:touch2:0,103248,touch2,base_secretary,どう？感想とかある？あっ、こっそり教えてね♪,BREMERTON_103248_TOUCH2_TOUCH_2_S093_cc507128.wav,d610a4d09903ea21983b47d297592f584faca2700d8175b6184fdb30e14cce85,True,d610a4d09903ea21983b47d297592f584faca2700d8175b6184fdb30e14cce85,True,44100.0,1.0,5.841927437641723,5.841927438,-3.582769636523153e-10,18.0,4.6693293647759155,3.8549433106575965,0.09,0.6869274376417227,1.27,0.25074037512339586,3.0,-18.58357634980837,-66.29018396224403,315.9303414421591,194.9207117403596,544.1564314598718,17.77360865442474,236.0,
103248:unlock:0,103248,unlock,base_secretary,3、2、1、はい！指揮官、ブーケトスした瞬間をちゃんと撮れた？あはは、次の艦船通信はこれに決めたから、指揮官も同じのにしてねっ。アタシたちのもう一つの…「愛の誓い」なんだから♪,BREMERTON_103248_UNLOCK_GET_S029_cc507128.wav,dba8a9910710a0fca8537cf98d1b54bfe712770f1d5e78f43f0ddcd90f64c687,True,dba8a9910710a0fca8537cf98d1b54bfe712770f1d5e78f43f0ddcd90f64c687,True,44100.0,1.0,20.675918367346938,20.675918367,3.469367015895841e-10,72.0,4.955311369031176,14.529863945578231,0.1,0.6809183673469406,5.53,0.2779592862528274,9.0,-18.545234710168877,-67.41641364317383,350.2922986347969,204.71577152990727,552.1275641625914,17.17655248684507,864.0,
103240:detail:0#ex1100,103240,detail,base_secretary,あ、指揮官もお悩み相談室の手伝いしてくれるの？…ダメダメ、気持ちは感謝するけど、これは女の子同士の問題だからね,BREMERTON_103240_DETAIL_DETAIL_EX1100_S007_cc507128.wav,81f9a5f4f5391080daf649708608333dc2ca61db8215e4576a44d51e2dabd74f,True,81f9a5f4f5391080daf649708608333dc2ca61db8215e4576a44d51e2dabd74f,True,44100.0,1.0,12.09485260770975,12.094852608,-2.902496021306433e-10,50.0,5.6561521235580665,8.839931972789115,0.1,0.6998526077097491,2.5300000000000002,0.22399291722000883,3.0,-19.44217422574188,-58.54594240167281,280.42039585368997,188.9838496325439,497.50663060651874,16.757433661083347,647.0,
103240:feeling5:0#ex1100,103240,feeling5,affinity,指揮官、仕事が終わったら一緒にどっか遊びに行かない？場所は…お任せ♪えへへ、上手くアタシをエスコートして、がっかりさせないでね～,BREMERTON_103240_FEELING5_FEELING5_EX1100_S022_cc507128.wav,e0f33d3e66951ef5d3621ac79b717ee5143329017d77cb83f301a91306879921,True,e0f33d3e66951ef5d3621ac79b717ee5143329017d77cb83f301a91306879921,True,44100.0,1.0,14.852879818594104,14.852879819,-4.0589576144611783e-10,57.0,5.720078643401327,9.964897959183673,0.09,0.617879818594103,4.3,0.303994344291269,6.0,-18.68519792628502,-66.78814032713925,366.04751819129416,205.9150624478208,495.79046770536706,15.212174021732608,613.0,
103240:home:0#ex1100,103240,home,base_secretary,ふぅ…指揮官は無理して戦場に出なくてもいいかな~って毎回思うけど、でもカッコいいからつい一緒に戦いたいって気もするし……んーちょっと矛盾なカンジ？,BREMERTON_103240_HOME_HOME_EX1100_S036_cc507128.wav,ef81012e0bb78cc24b59c953406b17826013fff1a082fb7bf022caf05558d3b1,True,ef81012e0bb78cc24b59c953406b17826013fff1a082fb7bf022caf05558d3b1,True,44100.0,1.0,16.2568253968254,16.256825397,-1.7460166645832942e-10,67.0,5.336562687950064,12.554897959183673,0.09,0.6818253968253973,3.0500000000000003,0.19696480464966096,4.0,-20.994883618055326,-58.90171038704325,311.2003596511888,201.8843423420517,455.5736116350475,14.089861927128492,843.0,
103240:login:0#ex1100,103240,login,base_secretary,指揮官、おはよー。今日の艦船通信は…あ、いけない。まずは指揮官の指示を仰ぐのが先ね！,BREMERTON_103240_LOGIN_LOGIN_EX1100_S044_cc507128.wav,55ff88cadd301dcff58b40be75d446a567b54dcd034aac0d31e0df86e245422d,True,55ff88cadd301dcff58b40be75d446a567b54dcd034aac0d31e0df86e245422d,True,44100.0,1.0,9.311791383219955,9.311791383,2.1995560928189661e-10,36.0,5.2061164325838085,6.914943310657597,0.08,0.6367913832199541,1.74,0.20244328097731237,3.0,-19.49599487627481,-65.85574619738574,273.6157024596639,192.46220787115493,478.37627017176646,15.762847708276778,436.0,
103240:main:0#ex1100,103240,main,base_secretary,ほい。（ドン！）ドリンクに軽食のお弁当にみんなからの差し入れっと。多すぎだと思うけどまあまあそこは愛されてる証拠ってカンジで！|nil|ボルチモア、相変わらず助っ人でパタパタしてるのね…もうちょっと遊びとか女子力とか気にしたほうがいいんじゃない？,BREMERTON_103240_MAIN_MAIN_1_EX1100_S055_cc507128.wav,f47a56b18d2bf9f23974974dd813ac8a4719cfb20cc473da179f5a3cb17e1c85,True,f47a56b18d2bf9f23974974dd813ac8a4719cfb20cc473da179f5a3cb17e1c85,True,44100.0,1.0,12.740997732426305,12.740997732,4.263043251739873e-10,109.0,11.602013921740895,9.394920634920634,0.08,0.6659977324263036,2.69,0.224260108378491,3.0,-18.076580997739462,-62.9980366155075,283.10405486539184,195.9790593985678,442.5100287617842,14.100127716289283,651.0,
103240:touch2:0#ex1100,103240,touch2,base_secretary,ははん、ここが気になるんだ～自分でチェックしてみたいってカンジ？,BREMERTON_103240_TOUCH2_TOUCH_2_EX1100_S094_cc507128.wav,c2e665ccc5c2028e5b945227ba195d6a675305e919c86079fb7b8ebdc7e8721f,True,c2e665ccc5c2028e5b945227ba195d6a675305e919c86079fb7b8ebdc7e8721f,True,44100.0,1.0,8.113560090702947,8.113560091,-2.970530488255463e-10,29.0,4.789475063945803,6.054943310657596,0.1,0.6785600907029465,1.34,0.18268575323790046,2.0,-20.45656771539931,-60.190086168457555,313.7174364434921,204.32874349271404,459.6612248265974,14.036145660731242,437.0,
