text_record_id,source_text,skin_id,category,interaction_register,relationship_state,voice_key,resource_key,voice_asset_id,source_bundle,source_bundle_sha256,source_stream_1based,awb_index_0based,source_hca_sha256,wav_filename,wav_sha256,sample_rate,channels,frames,duration_s,subtype,signal_processing,f0_median_hz,f0_p10_hz,f0_p90_hz,f0_span_st,activity_threshold_dbfs,active_seconds,internal_pause_ratio,substantial_pause_count,substantial_pause_s,active_dbfs,content_char_count,char_per_active_s,f0_frame_count
102130:battle:0,幸運の風が聞こえた？,102130,combat,COMBAT,,battle,warcry,AssetBundles/cue/cv-10213-battle.b#stream=8:warcry,AssetBundles/cue/cv-10213-battle.b,56ce8f1d28baf1af7341a318d100f2acf7a5ecc7283f6aae43354f8765273e41,8,7,09a6bb34c10954c234194ae7825cfe9045f192d5e45164678016728a9202794d,ST_LOUIS_102130_battle_0_warcry_56ce8f1d_S008.wav,74e7b221bdde108264ac53daf56cbf6af78ba93ecc711e185f8e9379c0edf68d,44100,1,117760,2.670294784580499,PCM_16,NONE,309.7346444849114,283.8607520862515,331.9389662294551,2.708815294328808,-43.2573432992929,1.8449886621315192,0.0,0,0.0,-17.120261110692933,9,4.878078757189912,120
102130:couple_encourage:0,ヘレナ、今度は勝敗ばかり見ちゃダメよ,102130,relationship_specific,PROFESSIONAL,,couple_encourage1,link1,AssetBundles/cue/cv-10213-battle.b#stream=2:link1,AssetBundles/cue/cv-10213-battle.b,56ce8f1d28baf1af7341a318d100f2acf7a5ecc7283f6aae43354f8765273e41,2,1,ba425c5bee2e5d26d573eee1ef43ff292bb5c4fc7f3c81f2d4058ea128f9809e,ST_LOUIS_102130_couple_encourage_0_link1_56ce8f1d_S002.wav,6951b103a4f44dfd50847d5626c5eb315c9c69a7e4630249e1b81c6d8dea1be4,44100,1,212992,4.829750566893424,PCM_16,NONE,336.51741721746725,201.99389875902162,425.1579139229771,12.88424490800355,-42.74734791016985,3.5699773242630384,0.11940298507462688,1,0.48,-16.745008410971963,17,4.761935008511395,262
102130:couple_encourage:1,ラッキーユニットってことかしら♪,102130,relationship_specific,PROFESSIONAL,,couple_encourage2,link2,AssetBundles/cue/cv-10213-battle.b#stream=3:link2,AssetBundles/cue/cv-10213-battle.b,56ce8f1d28baf1af7341a318d100f2acf7a5ecc7283f6aae43354f8765273e41,3,2,29cae33df9ff32f5d38e35aebff093902cb5a5b890caef5e17b96ec087cbc8e7,ST_LOUIS_102130_couple_encourage_1_link2_56ce8f1d_S003.wav,b5e35b60d2f9e91a033c3a177c19b5a7db77d9319beafb2fd6c54614a7c349f9,44100,1,147456,3.3436734693877552,PCM_16,NONE,392.5809677578018,270.7333809294444,437.3326313334608,8.302298617897453,-42.43889191861878,1.909954648526077,0.28294573643410853,1,0.36,-15.66431227913,15,7.853589618777381,136
102130:detail:0,重桜のあの子たちのような、味方に悪運をもたらす船じゃないわよ？……多分……ねぇ…,102130,base_secretary,COMMANDER_BASELINE,,detail,detail,AssetBundles/cue/cv-10213.b#stream=1:detail,AssetBundles/cue/cv-10213.b,080d1ca7d7668278371f2eadb1ebe01fc687732acd6c8920194297c38099ea87,1,0,10ac67ec1d0a738e9db54e126c11bcc7a8189f1a81a7a2af3a730ffcf1f4a17a,ST_LOUIS_102130_detail_0_detail_080d1ca7_S001.wav,314d04d6be2dd5b537954bf716a1669f74aea258b1ec6ad77be59767df33be7b,44100,1,440320,9.984580498866213,PCM_16,NONE,325.5729078887936,236.7609858903609,414.0211598119699,9.67527760241181,-42.08420282510463,7.279954648526077,0.20920043811610076,3,1.9100000000000001,-15.849319134231942,33,4.532995271705612,542
102130:expedition:0,うん……OK、出迎えはこの格好でいいわ,102130,base_secretary,COMMANDER_BASELINE,,expedition,expedition,AssetBundles/cue/cv-10213.b#stream=3:expedition,AssetBundles/cue/cv-10213.b,080d1ca7d7668278371f2eadb1ebe01fc687732acd6c8920194297c38099ea87,3,2,f6d0cb9eaf53e8ce02fe17ac2cbe81122d70a0e7b37f14a38b5b5dd616ae066c,ST_LOUIS_102130_expedition_0_expedition_080d1ca7_S003.wav,2cd5a9c2f0b61445ec78473ec4c56f7a374dada4934614650d1a993ee66d3bac,44100,1,260096,5.897868480725624,PCM_16,NONE,342.4766022690403,252.39249287222884,475.04699801452284,10.948815019137932,-42.9137223858222,3.4699546485260773,0.3220675944333996,2,1.49,-15.929031863666443,16,4.611011272667865,268
102130:feeling1:0,指揮官くん、せめてヘレナには……,102130,affinity,COMMANDER_AFFECTION,,feeling1,feeling1,AssetBundles/cue/cv-10213.b#stream=6:feeling1,AssetBundles/cue/cv-10213.b,080d1ca7d7668278371f2eadb1ebe01fc687732acd6c8920194297c38099ea87,6,5,9176f44c0f2190ddb47b9f92e2ee514d8ca9776034cb6bf01edb538eb23e144a,ST_LOUIS_102130_feeling1_0_feeling1_080d1ca7_S006.wav,a70fc3a08342d92e7636b44f14d229342b718d5bfcdf5939fc37de3c5f83651e,44100,1,180224,4.08671201814059,PCM_16,NONE,290.24198023273834,202.52114257369425,351.4308465554535,9.542019594892261,-42.87867475277393,2.8049659863945577,0.14814814814814814,1,0.3,-17.95597436858515,13,4.634637305071181,166
102130:feeling2:0,ヘレナがいたら、コロンバンガラでの戦いは違う結末になったかもしれないわね……,102130,affinity,COMMANDER_AFFECTION,,feeling2,feeling2,AssetBundles/cue/cv-10213.b#stream=7:feeling2,AssetBundles/cue/cv-10213.b,080d1ca7d7668278371f2eadb1ebe01fc687732acd6c8920194297c38099ea87,7,6,8b63697051c72751a5240e6ec10c29caa0d4870b6a94ad16c139b04d81e00ec3,ST_LOUIS_102130_feeling2_0_feeling2_080d1ca7_S007.wav,52c9221dc636bdb406be946ddcc94040fda6e473e3efbc2e3dfd7c3d4c98f4b8,44100,1,333824,7.569705215419501,PCM_16,NONE,267.7363417650814,208.69627285263576,362.99188942017355,9.582389737054681,-42.59218201981407,5.744965986394558,0.1467065868263473,2,0.98,-17.092581036449488,35,6.092290203786812,421
102130:feeling3:0,指揮官くん、部屋の掃除を手伝ってあげよっか？…ダメ！？,102130,affinity,COMMANDER_AFFECTION,,feeling3,feeling3,AssetBundles/cue/cv-10213.b#stream=8:feeling3,AssetBundles/cue/cv-10213.b,080d1ca7d7668278371f2eadb1ebe01fc687732acd6c8920194297c38099ea87,8,7,09448a920a19748312fb29a1553e5f210e67d7b3f58a06869a5457c1275eab4b,ST_LOUIS_102130_feeling3_0_feeling3_080d1ca7_S008.wav,7c278408c8bd9cbf96c923a556c96195eaf9d2146669918bcfeba72e16668fea,44100,1,300032,6.8034467120181406,PCM_16,NONE,341.59681535389177,253.7326836134663,417.20419432524426,8.609331543290505,-42.55853748504832,4.1899546485260775,0.30354131534569984,2,1.65,-16.992716076597233,22,5.250653490423591,260
102130:feeling4:0,うふふ、指揮官くんが部屋に隠しているヒミツ、ぜーんぶわ・か・る・わ～,102130,affinity,COMMANDER_AFFECTION,,feeling4,feeling4,AssetBundles/cue/cv-10213.b#stream=9:feeling4,AssetBundles/cue/cv-10213.b,080d1ca7d7668278371f2eadb1ebe01fc687732acd6c8920194297c38099ea87,9,8,dcf483e6b61cd5a34ae7da2e88e8241065465d1e494cccc55f47e90d621a20e9,ST_LOUIS_102130_feeling4_0_feeling4_080d1ca7_S009.wav,d3480d8a6615d9ee17608ff0637430cf027083925f36f807ceba8cf16590c798,44100,1,537600,12.19047619047619,PCM_16,NONE,295.8691124784148,202.52384475633625,408.9268439986877,12.165011923448677,-43.269118699679005,6.979886621315193,0.39770723104056444,6,3.98,-18.081484071642528,31,4.4413328871750055,406
102130:feeling5:0,ふぅ……後片付けはいっつも面倒ね…指揮官くん、どこかでデートしない？,102130,affinity,COMMANDER_AFFECTION,,feeling5,feeling5,AssetBundles/cue/cv-10213.b#stream=10:feeling5,AssetBundles/cue/cv-10213.b,080d1ca7d7668278371f2eadb1ebe01fc687732acd6c8920194297c38099ea87,10,9,f9ec5037629404810c74c53c2da6231ea860bf1461b56d266fe658de534493c1,ST_LOUIS_102130_feeling5_0_feeling5_080d1ca7_S010.wav,32beed01b3292652ee2aa2586e68acc760b220b50e61e6a937a024aa0356896d,44100,1,477184,10.820498866213152,PCM_16,NONE,318.6127817159795,225.4659479765468,421.1436910894253,10.816835925007668,-43.12228138418733,7.2949433106575965,0.2772772772772773,4,2.77,-17.15804161563404,29,3.9753564578949168,472
102130:home:0,全てのことは「サイオウホース」…うん……教えてくれたのは誰だっけ…,102130,base_secretary,COMMANDER_BASELINE,,home,home,AssetBundles/cue/cv-10213.b#stream=19:home,AssetBundles/cue/cv-10213.b,080d1ca7d7668278371f2eadb1ebe01fc687732acd6c8920194297c38099ea87,19,18,121146425a332ddbdcedbff96ce896abe6cdb55e15cf23c4053c4c5b8f9f3fc4,ST_LOUIS_102130_home_0_home_080d1ca7_S019.wav,0fd3053a35ab5896b61d02613b9911a47bc9e5f5fa57323e5eb1e5a6fd96d0a6,44100,1,415744,9.427301587301587,PCM_16,NONE,297.24579540868115,217.98285502717775,397.7600963619241,10.412206603497635,-43.32451642212353,5.479931972789116,0.36811254396248544,4,2.9400000000000004,-18.129945120378956,27,4.927068462541121,322
102130:hp_warning:0,うふふ、運ならどの娘にも負けないわ！,102130,combat,COMBAT,,hp_warning,hp,AssetBundles/cue/cv-10213-battle.b#stream=1:hp,AssetBundles/cue/cv-10213-battle.b,56ce8f1d28baf1af7341a318d100f2acf7a5ecc7283f6aae43354f8765273e41,1,0,cf3670c83daa0e5d81df13ff754a3e6cba75c3434b03011288cbb065590f62cb,ST_LOUIS_102130_hp_warning_0_hp_56ce8f1d_S001.wav,c212c5fe910a0b2dca37c6acee5821d7be90d03e4afaf1338eb5e1d4f7777e06,44100,1,206848,4.690430839002268,PCM_16,NONE,351.5633353449597,242.31384673820838,445.4217881739784,10.539543386667056,-41.96358839339466,3.5549659863945577,0.0883116883116883,0,0.0,-16.30114048377695,16,4.500746297217651,229
102130:login:0,指揮官くん、運ってのは流れるものなのよ？流れが来ているうち、思いっきりやっちゃって,102130,base_secretary,COMMANDER_BASELINE,,login,login,AssetBundles/cue/cv-10213.b#stream=23:login,AssetBundles/cue/cv-10213.b,080d1ca7d7668278371f2eadb1ebe01fc687732acd6c8920194297c38099ea87,23,22,7698096a4c5e63904852bd27f3d135530382cb80a44975887e7ce962655c836b,ST_LOUIS_102130_login_0_login_080d1ca7_S023.wav,f464e002d9684943e332c9be625ee1baebaca4d481f534f8843b6ff6ffbc03e4,44100,1,452608,10.263219954648527,PCM_16,NONE,310.9669302211666,212.79317185827034,462.99819461178544,13.458656517425815,-42.44650743763164,6.314897959183673,0.34672304439746293,3,2.61,-16.17631649426855,38,6.017516077949779,482
102130:lose:0,今日は戦闘に適さないようね……,102130,combat,COMBAT,,lose,lose,AssetBundles/cue/cv-10213-battle.b#stream=4:lose,AssetBundles/cue/cv-10213-battle.b,56ce8f1d28baf1af7341a318d100f2acf7a5ecc7283f6aae43354f8765273e41,4,3,0f6b5830392e4126fad81ba35737575beb774fbe90f4be174573a8264e4ad81f,ST_LOUIS_102130_lose_0_lose_56ce8f1d_S004.wav,051c17657b56bb2f2e4f7bebc1ddb4a4146c840cdf5ad0dacb06a3b8f4da1ff0,44100,1,155648,3.5294331065759637,PCM_16,NONE,339.9658909282748,266.66158525699876,446.6658281301219,8.930230540747502,-42.369621668016336,2.6749886621315193,0.0,0,0.0,-16.585046829155612,13,4.859833682300982,186
102130:mail:0,新しいメール？勝利のお知らせに決まっているわ,102130,base_secretary,COMMANDER_BASELINE,,mail,mail,AssetBundles/cue/cv-10213.b#stream=27:mail,AssetBundles/cue/cv-10213.b,080d1ca7d7668278371f2eadb1ebe01fc687732acd6c8920194297c38099ea87,27,26,05b716ee8568f29ea3ca9e5a6c26d89730aca446e32b7526a0a115c70cf0e131,ST_LOUIS_102130_mail_0_mail_080d1ca7_S027.wav,ae261fd37b44547120f1096a36f33857d15163f4f1a66ff5fb2eb931ea229c34,44100,1,257024,5.828208616780046,PCM_16,NONE,341.38037291017645,240.98253362287,498.72089556559405,12.591648801995039,-42.91133842587825,3.9199773242630385,0.22200000000000003,1,1.11,-16.196222697534857,21,5.357173846394132,280
102130:main:0,うふふ、指揮官くん、何を見てるの？,102130,base_secretary,COMMANDER_BASELINE,,main1,main_1,AssetBundles/cue/cv-10213.b#stream=30:main_1,AssetBundles/cue/cv-10213.b,080d1ca7d7668278371f2eadb1ebe01fc687732acd6c8920194297c38099ea87,30,29,c2257d495c9c640e4bac4a9b7fa83d9817fdab9c44d8125852da423fda3c8c84,ST_LOUIS_102130_main_0_main_1_080d1ca7_S030.wav,1c474471ccd81b8adfe4b446e1380a1a64907362950a471d4b89abba75ab48c2,44100,1,250880,5.688888888888889,PCM_16,NONE,328.4020606959632,214.1784656319869,433.77478727489046,12.217593206991545,-42.967626300615635,3.769954648526077,0.2270833333333333,1,0.72,-17.55235122509027,14,3.7135725241346127,208
102130:main:1,ヘレナ、SGは水面下のことじゃわからないわ,102130,base_secretary,COMMANDER_BASELINE,,main2,main_2,AssetBundles/cue/cv-10213.b#stream=35:main_2,AssetBundles/cue/cv-10213.b,080d1ca7d7668278371f2eadb1ebe01fc687732acd6c8920194297c38099ea87,35,34,4c6ecf28bcf58aa1370ddee6400aa4f6cc43bd11f3879b43b08cf27a3dc2782e,ST_LOUIS_102130_main_1_main_2_080d1ca7_S035.wav,e55e3b48e007e761682e315330f32ab22eb753b4db190193cbae7dad3e2bd7c2,44100,1,235520,5.340589569160998,PCM_16,NONE,291.4767089246916,207.31888011339672,385.95919362344415,10.75916181257449,-43.10636170596791,3.6899773242630385,0.17937219730941706,1,0.8,-16.706114921221978,20,5.420087507988791,270
102130:main:2,アリゾナ、あの時のことを忘れられなくても、あまり引きずらないほうがいいわ,102130,base_secretary,COMMANDER_BASELINE,,main3,main_3,AssetBundles/cue/cv-10213.b#stream=40:main_3,AssetBundles/cue/cv-10213.b,080d1ca7d7668278371f2eadb1ebe01fc687732acd6c8920194297c38099ea87,40,39,9cd90f94d8097df98c954a117a094d5c955c82fd552b75a8200c98e04cf1eb51,ST_LOUIS_102130_main_2_main_3_080d1ca7_S040.wav,14e1aafc92deeadbd701d5e648ca19434238cd7db5e2a6e0bf774c23b7717877,44100,1,334848,7.592925170068027,PCM_16,NONE,274.60586383860885,217.80877390730862,351.27547609836313,8.274489470286051,-42.59101820130703,5.309954648526077,0.22337278106508876,2,1.3900000000000001,-16.47731741350999,34,6.4030678697863515,397
102130:mission:0,うふふ、指揮官くん、サプライズに逢う準備をしてちょうだい,102130,base_secretary,COMMANDER_BASELINE,,mission,task,AssetBundles/cue/cv-10213.b#stream=54:task,AssetBundles/cue/cv-10213.b,080d1ca7d7668278371f2eadb1ebe01fc687732acd6c8920194297c38099ea87,54,53,d192451899b503826aadad8caece0b8bb4f0059c77084429496793e79fc7cf5c,ST_LOUIS_102130_mission_0_task_080d1ca7_S054.wav,8222a053e95a10cbe377eec6a6e571f4bc3f6effdf86f16565fead46d3914674,44100,1,287744,6.524807256235827,PCM_16,NONE,314.1425459243121,233.2797091297865,388.63313273983215,8.836176918612098,-43.47257334389657,4.509954648526077,0.21516754850088182,3,1.22,-17.590907269528092,26,5.7650247122766975,236
102130:mission_complete:0,うふふ、指揮官くんは甘えん坊ね……任務報酬を受け取る前に、少しだけここで横になってもいいわよ,102130,base_secretary,COMMANDER_BASELINE,,mission_complete,mission_complete,AssetBundles/cue/cv-10213.b#stream=47:mission_complete,AssetBundles/cue/cv-10213.b,080d1ca7d7668278371f2eadb1ebe01fc687732acd6c8920194297c38099ea87,47,46,8d34c73e2318d83a0d19ef00a5ea6a717ad8777fb14e3b64189b9f72aa2248ee,ST_LOUIS_102130_mission_complete_0_mission_complete_080d1ca7_S047.wav,10d03c2e5b999a845766fd380b6eb789a4c8b6c55f882f9b818d5029cd3bd40c,44100,1,549888,12.469115646258503,PCM_16,NONE,297.7841987617802,184.30493137482625,380.88245971629846,12.567014133178985,-42.65370523784312,8.994920634920636,0.2342807924203273,4,2.31,-17.211429988175464,42,4.669301898778852,557
102130:profile:0,うふふ、私はセントルイス、ヘレナの姉よ。かの真珠湾での戦いを無傷で乗り越えたお陰でLucky Louのニックネームを貰ったけど、その後の作戦行動はあまり上手く行かなかったわ。運ってやっぱり流れるものなのよ……,102130,profile,UNCLASSIFIED,,profile,profile,AssetBundles/cue/cv-10213.b#stream=52:profile,AssetBundles/cue/cv-10213.b,080d1ca7d7668278371f2eadb1ebe01fc687732acd6c8920194297c38099ea87,52,51,772a85a36cce1e3605362a778f63378c970fcdbb8de5a4d29ac4624e2be09d9d,ST_LOUIS_102130_profile_0_profile_080d1ca7_S052.wav,e96018b6bcadf9cc168551442355586c96fc8b9aca420cb953a9bc11bc8b3761,44100,1,1155072,26.192108843537415,PCM_16,NONE,289.2924101919013,208.41475786371737,400.67099254059906,11.315527534700063,-42.38849905366359,18.47482993197279,0.2783708975879794,9,6.31,-16.59898289879705,96,5.196258929228956,1293
102130:propose:0,あら、どうしたの？急にプレゼントなんて…うふふ、なるほど、これね……じゃあ、指揮官くん、これ、つけてくれるかしら？,102130,oath,COMMANDER_OATH,,propose,propose,AssetBundles/cue/cv-10213.b#stream=53:propose,AssetBundles/cue/cv-10213.b,080d1ca7d7668278371f2eadb1ebe01fc687732acd6c8920194297c38099ea87,53,52,01520c1eeb2be8cac9e8bebdb4489addcabb24c3f55b0ca2f0f1d92f658d97d7,ST_LOUIS_102130_propose_0_propose_080d1ca7_S053.wav,30d41d9a244160eea166cccd2549cc4d8f1005ae442328bc108ddf94ff4e0503,44100,1,779264,17.670385487528346,PCM_16,NONE,291.5447903026403,217.1216780476876,399.41287633858326,10.552524809293338,-43.204096595589,9.214875283446712,0.46066746126340874,9,7.6,-17.831625007939003,46,4.9919286572041655,554
102130:skill:0,ラッキールー♪,102130,combat,COMBAT,,skill,skill,AssetBundles/cue/cv-10213-battle.b#stream=7:skill,AssetBundles/cue/cv-10213-battle.b,56ce8f1d28baf1af7341a318d100f2acf7a5ecc7283f6aae43354f8765273e41,7,6,52a5abf8eaad904d0ff55fab1385cfa7cb5b61f1ba1b4968c974c260357de2d2,ST_LOUIS_102130_skill_0_skill_56ce8f1d_S007.wav,4685e15db822304280934cd2a7a60d1181916cd0b3aba5f3987c8b5a92f03246,44100,1,105472,2.391655328798186,PCM_16,NONE,437.57506080961593,260.09119192096153,536.9899113444642,12.550529294512451,-42.008605036149376,1.2699773242630386,0.1842105263157895,1,0.28,-14.641292905937068,6,4.72449380423526,114
102130:touch:0,私を触ると運が良くなるって？そんな話、聞いたこと無いけど？,102130,base_secretary,COMMANDER_BASELINE,,touch,touch_1,AssetBundles/cue/cv-10213.b#stream=57:touch_1,AssetBundles/cue/cv-10213.b,080d1ca7d7668278371f2eadb1ebe01fc687732acd6c8920194297c38099ea87,57,56,57ca30af0673c7eafcb27671c011bca70437eaf8f8e7804d2b7e9aa34d967491,ST_LOUIS_102130_touch_0_touch_1_080d1ca7_S057.wav,314cc572b7d8ad6d743d2975d42f91b1e96851bf1b2e6055603a0a919e41c8cd,44100,1,330752,7.500045351473923,PCM_16,NONE,317.43588305650115,212.20972810188442,452.1320318934434,13.095040046862032,-43.21953722879422,5.649954648526077,0.1568627450980392,1,0.63,-17.533961168204847,26,4.601806849331561,369
102130:touch2:0,こういうの、外でするものじゃないわよ。指揮官くん♡,102130,base_secretary,COMMANDER_BASELINE,,touch2,touch_2,AssetBundles/cue/cv-10213.b#stream=61:touch_2,AssetBundles/cue/cv-10213.b,080d1ca7d7668278371f2eadb1ebe01fc687732acd6c8920194297c38099ea87,61,60,2f5c69ceea670f17adeeb23c6087ef62efb32e0f340b6847a552654fcf75a346,ST_LOUIS_102130_touch2_0_touch_2_080d1ca7_S061.wav,c40f1ded95bf604bb00565479558cacd61510331c2f1f5ab7aad42873e480842,44100,1,278528,6.315827664399093,PCM_16,NONE,299.695579936124,229.94098029246675,367.80094688499116,8.131939037948673,-42.918536312861264,3.869954648526077,0.2931354359925789,2,1.4300000000000002,-16.56360717812682,22,5.6848211408314535,285
102130:unlock:0,ハロー、私はLucky Lou（ラッキー・ルー）と呼ばれたセントルイスよ。私を見つけて、今日はラッキーだって思わないかな？指揮官くん♪,102130,base_secretary,COMMANDER_BASELINE,,unlock,get,AssetBundles/cue/cv-10213.b#stream=14:get,AssetBundles/cue/cv-10213.b,080d1ca7d7668278371f2eadb1ebe01fc687732acd6c8920194297c38099ea87,14,13,9c5bbfa1fd8b8d5c27ae90fbc27aa585fc65d5c22bd55adfb83d59508f9ce4c2,ST_LOUIS_102130_unlock_0_get_080d1ca7_S014.wav,5f2b8fb0b8ca781bc63d1de4a44eba8a9772c352b701d34b9d9bf48092cc0d08,44100,1,606208,13.746213151927437,PCM_16,NONE,318.18580316272426,216.63947554661868,437.70016104978276,12.175761160080192,-42.92071711735582,8.724897959183673,0.3325563325563326,5,3.8,-16.331919459456962,59,6.762256736526946,622
102130:upgrade:0,運は流れるものよ？頼り過ぎは良くないわ,102130,base_secretary,COMMANDER_BASELINE,,upgrade,upgrade,AssetBundles/cue/cv-10213.b#stream=65:upgrade,AssetBundles/cue/cv-10213.b,080d1ca7d7668278371f2eadb1ebe01fc687732acd6c8920194297c38099ea87,65,64,8567a75fc47a5239f0562d38d07ea21dfd0fc56005571bf8bb0233b87674a8ce,ST_LOUIS_102130_upgrade_0_upgrade_080d1ca7_S065.wav,70046915843e32e72a5d726e913bdf69dd67cb7ca82fd95856740aa41529f973,44100,1,232448,5.270929705215419,PCM_16,NONE,313.7259550736062,236.98954057781987,404.8178203194692,9.26939294229329,-42.080525369326786,3.6299773242630384,0.1836734693877551,1,0.81,-15.130304411667112,18,4.958708661810822,308
102130:win_mvp:0,うふふ、幸運だけじゃないわよ,102130,combat,COMBAT,,win_mvp,mvp,AssetBundles/cue/cv-10213-battle.b#stream=5:mvp,AssetBundles/cue/cv-10213-battle.b,56ce8f1d28baf1af7341a318d100f2acf7a5ecc7283f6aae43354f8765273e41,5,4,e1386d947434aebd54e001a3b02d6e3e0f49734c997d450aae579a07d7d19c36,ST_LOUIS_102130_win_mvp_0_mvp_56ce8f1d_S005.wav,b0f697f8b6163e4b4b9445999ac25aea7a84d60b9b38af732c1a21b7b5adaf96,44100,1,200704,4.551111111111111,PCM_16,NONE,355.6311388820809,231.1280803409233,448.49536667772713,11.476806406168146,-43.31092501932342,3.174965986394558,0.16310160427807485,1,0.37,-17.81171737493169,13,4.094532053479602,171
102131:main:0,出撃時もこの椅子を持っていければいいのに……ヘレナ、艤装の改修手伝ってもらえる？,102131,base_secretary,COMMANDER_BASELINE,,main1,main_1,AssetBundles/cue/cv-10213.b#stream=31:main_1_1,AssetBundles/cue/cv-10213.b,080d1ca7d7668278371f2eadb1ebe01fc687732acd6c8920194297c38099ea87,31,30,78cb2491208140ae12cd4979dac592cd136927446c21dcce4e725a28a7002f0b,ST_LOUIS_102131_main_0_main_1_1_080d1ca7_S031.wav,0d4db78aa7bcc22678b272cacad32542e3ed4f982b12ca4fce24bf8feb9260d7,44100,1,454656,10.309659863945578,PCM_16,NONE,331.0265989413045,263.6952072811981,438.5681329804617,8.80715564749814,-42.172768080379484,7.0449433106575965,0.23490669593852911,2,1.79,-16.679333895108865,36,5.110048216504335,477
102131:main:1,私はLuckyLou（ラッキー・ルー）、こう見えて占いにも心得があるわよ,102131,base_secretary,COMMANDER_BASELINE,,main2,main_2,AssetBundles/cue/cv-10213.b#stream=36:main_2_1,AssetBundles/cue/cv-10213.b,080d1ca7d7668278371f2eadb1ebe01fc687732acd6c8920194297c38099ea87,36,35,e6e064dada10f18bfc4be4291dd36be1a6b909acd47daec698f04a027047afa0,ST_LOUIS_102131_main_1_main_2_1_080d1ca7_S036.wav,5ae1b3b96849e324a227180f6e27204159623c1167912d811ab3a83bc790bf0f,44100,1,312320,7.082086167800454,PCM_16,NONE,330.47988515553754,217.43330779647437,432.1741139851082,11.892476436559868,-42.704584059328106,4.849954648526077,0.1839863713798978,1,0.66,-16.32167527064976,33,6.804187336066915,383
102131:main:2,ふはー、やっぱりちょっと寒いわね…指揮官くん、もう少し近く寄って…温めてもらってもいい？,102131,base_secretary,COMMANDER_BASELINE,,main3,main_3,AssetBundles/cue/cv-10213.b#stream=41:main_3_1,AssetBundles/cue/cv-10213.b,080d1ca7d7668278371f2eadb1ebe01fc687732acd6c8920194297c38099ea87,41,40,3d51b4ac01e6bfcbed81b45e68336d30c8c59eb42691c720dd1f59efa6fa6e46,ST_LOUIS_102131_main_2_main_3_1_080d1ca7_S041.wav,53ace158f665759c9680918735b720c2707ed86829a8f9d496effaef28e5c11b,44100,1,604160,13.699773242630386,PCM_16,NONE,314.9765714381879,230.75025001242574,410.52505671214305,9.973656836311106,-43.87337309518958,8.60485260770975,0.3239549839228297,6,3.04,-18.969035863548577,39,4.532326325387246,454
102131:touch2:0,あら、ここの着かた間違ってる？本当に…？,102131,base_secretary,COMMANDER_BASELINE,,touch2,touch_2,AssetBundles/cue/cv-10213.b#stream=62:touch_2_1,AssetBundles/cue/cv-10213.b,080d1ca7d7668278371f2eadb1ebe01fc687732acd6c8920194297c38099ea87,62,61,d652e71cbe94c2002101c6b23bef54935e87bec2132b73b1b3e61474d66f3ca0,ST_LOUIS_102131_touch2_0_touch_2_1_080d1ca7_S062.wav,5cc4f47f45a8ac8385fe666ce210d0ebcf37de08ad6afda53753395dffc5d3ff,44100,1,353280,8.010884353741497,PCM_16,NONE,360.9483370089487,278.2112039581547,439.8834312351685,7.93128889108824,-43.70236837734171,4.309954648526077,0.36849925705794945,3,2.48,-18.221542258100417,16,3.712336046383156,253
102131:unlock:0,指揮官くん、この異国の衣装はどうかしら？ふふん…さては惚れ直したのかな？,102131,base_secretary,COMMANDER_BASELINE,,unlock,get,AssetBundles/cue/cv-10213.b#stream=15:get_1,AssetBundles/cue/cv-10213.b,080d1ca7d7668278371f2eadb1ebe01fc687732acd6c8920194297c38099ea87,15,14,b42c4ce108f975b2dbed26533a2ddf799818ba5e23404d000d6cbd890b9285d9,ST_LOUIS_102131_unlock_0_get_1_080d1ca7_S015.wav,ac002854a4dc120b73fd9eba2b3977bffff0142fae4bb695cd3ba4ed61858744,44100,1,481280,10.913378684807256,PCM_16,NONE,327.11187024944866,205.96775165086817,444.69253015810636,13.324676380283375,-43.85259879444888,6.809931972789116,0.317766497461929,4,2.9200000000000004,-18.19518704044739,32,4.699019039817793,420
102132:feeling5:0,雪……もう少し続きそうね。指揮官くん、今日は泊まっていいかしら？…あら、お酒に付き合ってって意味なのに、もしかして別のことでも考えちゃった？うふふ♡,102132,affinity,COMMANDER_AFFECTION,,feeling5,feeling5,AssetBundles/cue/cv-10213.b#stream=11:feeling5_2,AssetBundles/cue/cv-10213.b,080d1ca7d7668278371f2eadb1ebe01fc687732acd6c8920194297c38099ea87,11,10,6799649824eaf6413ca45f2f38692da1b21bf571b09da8f992bd74763f5d0364,ST_LOUIS_102132_feeling5_0_feeling5_2_080d1ca7_S011.wav,ecbf0f7e2c9bac1df555f99447090c2675aae9e6a988bb58c89b3a9a38037da2,44100,1,1089536,24.706031746031748,PCM_16,NONE,314.63924003177743,249.36317920544232,434.26461557656273,9.603911417332432,-44.044402047749514,12.834784580498866,0.47268907563025203,10,9.940000000000001,-18.70222068376051,64,4.986449098432194,711
102132:home:0,おかえりなさい。暖房の準備はできているわ。私？もう少しここでゆっくりさせてちょうだい,102132,base_secretary,COMMANDER_BASELINE,,home,home,AssetBundles/cue/cv-10213.b#stream=20:home_2,AssetBundles/cue/cv-10213.b,080d1ca7d7668278371f2eadb1ebe01fc687732acd6c8920194297c38099ea87,20,19,f2740b7eff187e5c4be76a4460f530ccd49b9b9be71bf760a60dd9f90133641b,ST_LOUIS_102132_home_0_home_2_080d1ca7_S020.wav,6d20c74445a8861aef96a9ef7efbd82007524c130519deead4e3221142eca6ba,44100,1,529408,12.004716553287983,PCM_16,NONE,307.50878694300815,257.46192121348315,377.21818268436334,6.612481751923946,-43.65086381400587,6.744920634920635,0.40394973070017953,4,4.2299999999999995,-17.580827062471958,39,5.782128821217612,425
102132:login:0,お仕事の前に、軽く一杯飲んで体を温めてちょうだい,102132,base_secretary,COMMANDER_BASELINE,,login,login,AssetBundles/cue/cv-10213.b#stream=24:login_2,AssetBundles/cue/cv-10213.b,080d1ca7d7668278371f2eadb1ebe01fc687732acd6c8920194297c38099ea87,24,23,b3fc049bdbc9db968b03f7bf98149e78225d24dbd99b27890c8dd83e3bd14a7e,ST_LOUIS_102132_login_0_login_2_080d1ca7_S024.wav,ce0310827e18f26517692cb3a34430f87621e11e4fd22230d61bec21b1c5e2c6,44100,1,303104,6.873106575963718,PCM_16,NONE,299.9907840690392,255.54378597111847,376.5393148350578,6.710759952419634,-43.647964122376834,4.824943310657597,0.22003284072249588,2,1.0699999999999998,-17.71204198642449,23,4.766895384904596,335
102132:main:0,重桜の「ハツモウデ」ね……指揮官くん、なにか願い事はない？私にはないから、あなたの分も願ってあげてもいいわよ？,102132,base_secretary,COMMANDER_BASELINE,,main1,main_1,AssetBundles/cue/cv-10213.b#stream=32:main_1_2,AssetBundles/cue/cv-10213.b,080d1ca7d7668278371f2eadb1ebe01fc687732acd6c8920194297c38099ea87,32,31,d526b57a595108c872747c3472aa75a55ad0d953fc2712d5b5b49003c4393806,ST_LOUIS_102132_main_0_main_1_2_080d1ca7_S032.wav,ba43299bd2aa52be92964f4b1ddde2354a18deb190a5ca19f64dbf0a05940b70,44100,1,674816,15.301950113378684,PCM_16,NONE,329.7582962934303,245.08079570321374,422.362105191223,9.422675517982132,-43.03957717118551,9.899909297052154,0.32365145228215764,5,4.43,-17.15157783456348,47,4.747518243828249,730
102132:main:1,ユニオンの新年が別に寂しいってわけじゃないけど、やっぱり重桜と東煌のほうが盛り上がってるわね。私、盛り上がってるほうが好きよ,102132,base_secretary,COMMANDER_BASELINE,,main2,main_2,AssetBundles/cue/cv-10213.b#stream=37:main_2_2,AssetBundles/cue/cv-10213.b,080d1ca7d7668278371f2eadb1ebe01fc687732acd6c8920194297c38099ea87,37,36,55d555e6bae287a8c525866000149d7db08f870c83d34b4f2f3b92876376a20b,ST_LOUIS_102132_main_1_main_2_2_080d1ca7_S037.wav,1da91e0ce4586749d2843513c1775878ee5ce06972dbeaeb5318abcda78d9d12,44100,1,698368,15.836009070294784,PCM_16,NONE,317.09333253554786,247.22278133388647,397.1935874895973,8.208367669357038,-43.0489428956213,11.414897959183673,0.24900133155792276,5,3.21,-17.624932959879523,59,5.168683961167826,773
102132:main:2,あら、指揮官くん、私を酔わせるつもりなら……それはあなたの飲みっぷり次第ってところかしら。うふふ,102132,base_secretary,COMMANDER_BASELINE,,main3,main_3,AssetBundles/cue/cv-10213.b#stream=42:main_3_2,AssetBundles/cue/cv-10213.b,080d1ca7d7668278371f2eadb1ebe01fc687732acd6c8920194297c38099ea87,42,41,fadcb8019371f4588fc13863a424a81a5bffe01958d8ddb9349d4dc345f704ba,ST_LOUIS_102132_main_2_main_3_2_080d1ca7_S042.wav,949d4f7ed7c2ee1163351070b492d06bcafe124b26daa8f8f74c0b36b82267ad,44100,1,546816,12.399455782312925,PCM_16,NONE,305.0238122584049,206.51583182111239,389.57028073621484,10.987574846508,-42.60139444087377,8.494897959183673,0.2743055555555556,5,2.71,-16.777194164612375,43,5.061861861861862,520
102132:touch:0,おでかけ？うふふ、この傘を差してあげようか。あら、雪に降られちゃうから、もっと近づいたほうがいいわよ？,102132,base_secretary,COMMANDER_BASELINE,,touch,touch_1,AssetBundles/cue/cv-10213.b#stream=58:touch_1_2,AssetBundles/cue/cv-10213.b,080d1ca7d7668278371f2eadb1ebe01fc687732acd6c8920194297c38099ea87,58,57,07c32547c1393d67820915f5ee2a171e4373e7f0b2bb1c4f0601a82eb9e94407,ST_LOUIS_102132_touch_0_touch_1_2_080d1ca7_S058.wav,fbd846e69d2c8d439b8508995ebc485a78d4844e5619525a4216f3a2221f18df,44100,1,593920,13.467573696145125,PCM_16,NONE,340.8411751607805,254.46801185322374,439.3779035980158,9.455736070054524,-42.64470511350533,8.439909297052154,0.3402061855670103,5,3.9099999999999997,-17.48408476870638,45,5.331810854379366,486
102132:unlock:0,重桜の衣装はやっぱり風情があるわね。うふふ……指揮官くん、そこでじっと立っていたら寒くない？こっちに来て、一杯どう？,102132,base_secretary,COMMANDER_BASELINE,,unlock,get,AssetBundles/cue/cv-10213.b#stream=16:get_2,AssetBundles/cue/cv-10213.b,080d1ca7d7668278371f2eadb1ebe01fc687732acd6c8920194297c38099ea87,16,15,88c81321a28d21294b0c07e5f474eb9a8e276302e4e333d592fa725e2083c3ef,ST_LOUIS_102132_unlock_0_get_2_080d1ca7_S016.wav,d468e9d48aa1c8b67a1e315da074a322684ea91c64ebf3242e9bb5a1c6f2fa29,44100,1,718848,16.300408163265306,PCM_16,NONE,314.75307725551215,236.59241585350696,395.1277521457892,8.878984212947588,-43.591847742221596,10.16485260770975,0.35510996119016813,6,4.63,-18.093500148865576,51,5.017288687621299,629
102133:detail:0,ふふふ、この靴で運転すると思った？できなくはないけど、実はもう一足、中に置いてあるわよ,102133,base_secretary,COMMANDER_BASELINE,,detail,detail,AssetBundles/cue/cv-10213.b#stream=2:detail_3,AssetBundles/cue/cv-10213.b,080d1ca7d7668278371f2eadb1ebe01fc687732acd6c8920194297c38099ea87,2,1,4574acf28ea9c3f9e87e08370cba920b5a4c1e560747c8271ce537d901ea0a81,ST_LOUIS_102133_detail_0_detail_3_080d1ca7_S002.wav,189da343902acf9bde7baceedace530d94921477a9a44b0515daa6e42b94357f,44100,1,539648,12.236916099773243,PCM_16,NONE,307.0174916817508,201.41635402615663,401.54711551167105,11.944661379874388,-42.64638831694801,8.454920634920635,0.2649647887323944,4,2.67,-16.953346141700468,39,4.61269853189652,583
102133:feeling5:0,パーティーもいいけど、指揮官くんと二人っきりでいるのはもっといいわね…もういっそ二人でパーティーをこっそり抜けて、ドライブでも楽しまない？なんてね。ふふふ,102133,affinity,COMMANDER_AFFECTION,,feeling5,feeling5,AssetBundles/cue/cv-10213.b#stream=12:feeling5_3,AssetBundles/cue/cv-10213.b,080d1ca7d7668278371f2eadb1ebe01fc687732acd6c8920194297c38099ea87,12,11,602ac36f1ca208c6cba2e357d7c2b4f83cd3b3adbac273c3f82979a9d6106201,ST_LOUIS_102133_feeling5_0_feeling5_3_080d1ca7_S012.wav,975f252115b3442d6da94b1723a38cd7dc6e6471d2838a2f3d3c963e04e3d9d6,44100,1,867328,19.667301587301587,PCM_16,NONE,288.1192515681197,220.21789546754542,382.282782904922,9.548502184630935,-43.02872382562481,11.68485260770975,0.3865456486919381,9,6.74,-17.855119548046126,72,6.161823552014159,743
102133:home:0,指揮官くん、忘れ物とか無い？あとで言っても遅いわよ？,102133,base_secretary,COMMANDER_BASELINE,,home,home,AssetBundles/cue/cv-10213.b#stream=21:home_3,AssetBundles/cue/cv-10213.b,080d1ca7d7668278371f2eadb1ebe01fc687732acd6c8920194297c38099ea87,21,20,c20e271a151f0ca1e5415b82b6da04186f8b6c632eca9ae6a4b17fb480cf7c79,ST_LOUIS_102133_home_0_home_3_080d1ca7_S021.wav,4cb898d3fb86c7e7ae016c4be836370d15122635b9f122b99f7f8ad0be3a1410,44100,1,315392,7.151746031746032,PCM_16,NONE,300.3436023109832,188.54646085145862,413.9094964419773,13.612743345169465,-42.77592856336704,4.5199546485260775,0.29093799682034976,2,1.6800000000000002,-16.751507385442224,23,5.088546631214569,335
102133:login:0,いい景色ね～少しここで止まって、幸運の風に当たっていこうかしら,102133,base_secretary,COMMANDER_BASELINE,,login,login,AssetBundles/cue/cv-10213.b#stream=25:login_3,AssetBundles/cue/cv-10213.b,080d1ca7d7668278371f2eadb1ebe01fc687732acd6c8920194297c38099ea87,25,24,2b3afdf633280c02da3a466a411408bf494d1306afc207bf248a4707a21636d1,ST_LOUIS_102133_login_0_login_3_080d1ca7_S025.wav,32afb28b1675fdcdbcaa3d185d92c262101ff4b90970afa44262d5c79d01a3c1,44100,1,351232,7.964444444444444,PCM_16,NONE,345.9866945630827,280.8932527302121,401.05585109757754,6.165374284199574,-42.3875264553494,5.524943310657596,0.2366946778711485,2,1.3900000000000001,-16.42132272161325,29,5.24892263492715,343
102133:mail:0,ヘレナちゃんからそろそろパーティーが始まるって連絡があったわ。メールをチェックして急いで会場に戻りましょう？,102133,base_secretary,COMMANDER_BASELINE,,mail,mail,AssetBundles/cue/cv-10213.b#stream=28:mail_3,AssetBundles/cue/cv-10213.b,080d1ca7d7668278371f2eadb1ebe01fc687732acd6c8920194297c38099ea87,28,27,ae8431e99c889bef331a5b92b8a7e7d1cd151749ef4c2521a0929bb78a4d8752,ST_LOUIS_102133_mail_0_mail_3_080d1ca7_S028.wav,7e2c3909c335a913b53b0af898256169841ddbc244e54700eb9dc433dca10daf,44100,1,468992,10.634739229024943,PCM_16,NONE,280.8963607032913,202.8387390266198,365.5064810879155,10.194765325691453,-42.74354558722784,7.764920634920635,0.21676891615541924,1,1.25,-17.22364972462465,52,6.696784480467712,533
102133:main:0,あら、今のは…ジャマイカかしら？ふふふ、指揮官くん、シートベルトを締めてちょうだい、少し刺激的に行くわよ,102133,base_secretary,COMMANDER_BASELINE,,main1,main_1,AssetBundles/cue/cv-10213.b#stream=33:main_1_3,AssetBundles/cue/cv-10213.b,080d1ca7d7668278371f2eadb1ebe01fc687732acd6c8920194297c38099ea87,33,32,9fc4f9ba10995482693f255bdf144822c8470f773f6ee282940bfc845ca2bdc5,ST_LOUIS_102133_main_0_main_1_3_080d1ca7_S033.wav,799859fcced4a1534580aba006611b1e78c68a1b37bd2dd8645ece6dfff99340,44100,1,693248,15.719909297052155,PCM_16,NONE,282.24089933574487,202.95689077492517,406.21513562945535,12.012848070210193,-42.925181417328716,9.274875283446711,0.38653198653198656,8,5.43,-17.84163112108672,46,4.959635423033481,530
102133:main:1,車を借りたい？もちろん良いけど、一つだけ約束してちょうだい？あとでホノルルをドライブに連れてって？,102133,base_secretary,COMMANDER_BASELINE,,main2,main_2,AssetBundles/cue/cv-10213.b#stream=38:main_2_3,AssetBundles/cue/cv-10213.b,080d1ca7d7668278371f2eadb1ebe01fc687732acd6c8920194297c38099ea87,38,37,e98476bf37261ffcb2a275bcb48d08c4c77caee9814a85679f4e68481b37cae4,ST_LOUIS_102133_main_1_main_2_3_080d1ca7_S038.wav,aa3a6d242e1ac5a58a1c69063f9081b03e6b54ba6b94edbc93cee2edd1267a72,44100,1,498688,11.3081179138322,PCM_16,NONE,288.39301009931035,206.17692330653847,418.2896062802538,12.247431413088762,-42.88293001532958,7.384943310657596,0.3038095238095238,3,3.0,-16.96201525699095,45,6.093479408983161,516
102133:main:2,ふぅ…ようやくパーティー会場ね…指揮官くん、化粧し直すからちょっと30分ほど待ってて～なんて、冗談よ。ふふふ,102133,base_secretary,COMMANDER_BASELINE,,main3,main_3,AssetBundles/cue/cv-10213.b#stream=43:main_3_3,AssetBundles/cue/cv-10213.b,080d1ca7d7668278371f2eadb1ebe01fc687732acd6c8920194297c38099ea87,43,42,fb0e30128ce96b3d02bbbda1384506e09fd015c378229cac41da33cfc7721f9b,ST_LOUIS_102133_main_2_main_3_3_080d1ca7_S043.wav,f713192f3eec60387d8565248092f653562393571f81a64e7987977787915477,44100,1,785408,17.809705215419502,PCM_16,NONE,342.1584678546841,232.92877656774536,448.4942238960978,11.342406245701403,-43.26763681995111,11.224829931972788,0.34988179669030733,7,4.66,-17.85874545088188,48,4.27623405351353,667
102133:mission:0,緊急任務？5分ぐらい待ってあげるわよ。指揮官くん,102133,base_secretary,COMMANDER_BASELINE,,mission,task,AssetBundles/cue/cv-10213.b#stream=55:task_3,AssetBundles/cue/cv-10213.b,080d1ca7d7668278371f2eadb1ebe01fc687732acd6c8920194297c38099ea87,55,54,14a4df211a4b30e14227763ea20723e524624ed969c707c2ca5d3fc7656779a5,ST_LOUIS_102133_mission_0_task_3_080d1ca7_S055.wav,a6a43db5f018da17defbbbe593fe2c3114cbce32f1524bab1337a6a6c02aceb8,44100,1,288768,6.548027210884354,PCM_16,NONE,289.3895264407018,195.75924067800437,465.8037909761289,15.007703646424488,-42.17346974193881,3.8649433106575963,0.3268206039076376,2,1.5799999999999998,-15.957296643215066,22,5.692192156954777,302
102133:mission_complete:0,あら、任務報酬を取ってきたの？もう少しゆっくりでもよかったのよ？ふふふ,102133,base_secretary,COMMANDER_BASELINE,,mission_complete,mission_complete,AssetBundles/cue/cv-10213.b#stream=48:mission_complete_3,AssetBundles/cue/cv-10213.b,080d1ca7d7668278371f2eadb1ebe01fc687732acd6c8920194297c38099ea87,48,47,f00e7eca162cf9e11241a36f7059388f243854722b05c5e5ce77f1892115f7b8,ST_LOUIS_102133_mission_complete_0_mission_complete_3_080d1ca7_S048.wav,be0a871372f02bed3f9da21203f2ca56fa9eb1c8b1361823588b8bb1628d6c42,44100,1,387072,8.777142857142858,PCM_16,NONE,292.1870780109231,207.8429649292419,419.2861680253364,12.149295851725789,-42.497881307615856,5.4248979591836735,0.3337531486146096,3,1.98,-16.631846181079567,32,5.898728462869611,362
102133:touch:0,んっしょ…あら、指揮官くん、助かるわ…ふふふ、指揮官くんもこういう場面に慣れてきたのかしら,102133,base_secretary,COMMANDER_BASELINE,,touch,touch_1,AssetBundles/cue/cv-10213.b#stream=59:touch_1_3,AssetBundles/cue/cv-10213.b,080d1ca7d7668278371f2eadb1ebe01fc687732acd6c8920194297c38099ea87,59,58,0d268253ccb715dc56cd917276b2189867668adb2e2f2e6980a930d4e322fee5,ST_LOUIS_102133_touch_0_touch_1_3_080d1ca7_S059.wav,2fad24a606d2dbd67cc7bcb938379e13c42cb8c2d9a865db80bfea32802b4985,44100,1,578560,13.119274376417234,PCM_16,NONE,333.27076055696074,201.45836006851707,440.131992382848,13.529454804720348,-43.55783457962992,7.969909297052154,0.35813573180703184,5,3.9899999999999998,-17.91844096933253,40,5.018877694730463,399
102133:unlock:0,あら、ここでずっと待ち続けていたなんて、指揮官くんはいい子ね。さあ乗って――もしかして自分が運転すると思った？ふふ、私のことを甘く見てはダメよ？,102133,base_secretary,COMMANDER_BASELINE,,unlock,get,AssetBundles/cue/cv-10213.b#stream=17:get_3,AssetBundles/cue/cv-10213.b,080d1ca7d7668278371f2eadb1ebe01fc687732acd6c8920194297c38099ea87,17,16,b272f64f71043878db7f86db1b3a125dfa35dc9a2175f25e5dc14b1e2704bd4c,ST_LOUIS_102133_unlock_0_get_3_080d1ca7_S017.wav,d5a747e6e3092e57314f26f78b328ef930e3ca0635d072b116cfcd8c1f7ca905,44100,1,893952,20.271020408163267,PCM_16,NONE,294.24385492515,201.59621305626231,420.3231617232738,12.720365032761608,-42.14237788412239,12.22986394557823,0.3801440329218107,8,6.93,-16.544809145382725,64,5.23309174041462,802
102134:battle:0,ラッキー・クルーズといったところかしら♪,102134,combat,COMBAT,,battle,warcry,AssetBundles/cue/cv-10213-battle.b#stream=9:warcry_4,AssetBundles/cue/cv-10213-battle.b,56ce8f1d28baf1af7341a318d100f2acf7a5ecc7283f6aae43354f8765273e41,9,8,774b854fd97f85d782f399ae93ac83147b5d27fe6d55a353a522c92593ba1fa0,ST_LOUIS_102134_battle_0_warcry_4_56ce8f1d_S009.wav,4a1a6a24597275caa042f4c17fbcfdf9856153b76af1df6a8c69c32a654fdc98,44100,1,254976,5.7817687074829935,PCM_16,NONE,358.0751531406621,218.2366773468064,445.6564558831928,12.360461047809356,-41.91956368715668,3.4449433106575964,0.3178137651821863,2,1.29,-15.615000622916808,19,5.515330235252301,236
102134:expedition:0,委託組の子たちを出迎えに行きたいって？しょうがないわね…着替えを手伝ってあげるわ♥,102134,base_secretary,COMMANDER_BASELINE,,expedition,expedition,AssetBundles/cue/cv-10213.b#stream=4:expedition_4,AssetBundles/cue/cv-10213.b,080d1ca7d7668278371f2eadb1ebe01fc687732acd6c8920194297c38099ea87,4,3,2a7d184f1a6a477b27bc82d675c6417a5f09e7755356676e6b0ff73012347014,ST_LOUIS_102134_expedition_0_expedition_4_080d1ca7_S004.wav,8f3bee9b240d86df157c90fb6f34a26aedd0df4f7bbd3867c83a56f7ed990bed,44100,1,494592,11.215238095238096,PCM_16,NONE,281.95146948118906,193.97100252378277,378.9773349439252,11.59524689916359,-42.51083531504745,7.879931972789116,0.2473429951690821,4,2.3899999999999997,-17.136819858991355,38,4.822376656450986,510
102134:feeling5:0,肌をなぞる指揮官くんの指、熱い太陽よりも火照らせそう。……こうしてべったりくっついて一緒に波音に耳を傾ける時間がずっとずっと続いてほしいわ。ふふふ,102134,affinity,COMMANDER_AFFECTION,,feeling5,feeling5,AssetBundles/cue/cv-10213.b#stream=13:feeling5_4,AssetBundles/cue/cv-10213.b,080d1ca7d7668278371f2eadb1ebe01fc687732acd6c8920194297c38099ea87,13,12,2095d29e05baca4ae3cc59b2a9e8390479defcfe29a4157c4eb6928a30f7e2ef,ST_LOUIS_102134_feeling5_0_feeling5_4_080d1ca7_S013.wav,c62ffb27bde5469d22af7a3f03a80a663c8fc8d2211ac610047a482fe292f65b,44100,1,973824,22.0821768707483,PCM_16,NONE,280.70808153110875,195.1592161130493,366.48598635152416,10.909277282719863,-43.66479497863855,14.869818594104308,0.3066350710900474,9,5.3999999999999995,-18.652656847003,68,4.573021491127076,848
102134:headtouch:0,ふふふ、指揮官くんはそれだけで満足するのかしら？,102134,base_secretary,COMMANDER_BASELINE,,headtouch,touch_head,AssetBundles/cue/cv-10213.b#stream=64:touch_head_4,AssetBundles/cue/cv-10213.b,080d1ca7d7668278371f2eadb1ebe01fc687732acd6c8920194297c38099ea87,64,63,850242ce6c73b507482b78f7e273ea83b3061d55ee95e2f20a584c6f792e00ef,ST_LOUIS_102134_headtouch_0_touch_head_4_080d1ca7_S064.wav,039f317e1b2a2bc534c03321c26180e33574409e39bcda820f711fa38d0355dd,44100,1,331776,7.523265306122449,PCM_16,NONE,308.6188853928623,187.80434524606727,444.43956257310685,14.913081640186942,-43.397401291059566,5.714943310657596,0.1493212669683258,2,0.64,-18.36151606721243,22,3.8495569954251296,298
102134:home:0,おかえりなさい、指揮官くん。飲み物でもどう？ただ、ストローは一本しかないわね,102134,base_secretary,COMMANDER_BASELINE,,home,home,AssetBundles/cue/cv-10213.b#stream=22:home_4,AssetBundles/cue/cv-10213.b,080d1ca7d7668278371f2eadb1ebe01fc687732acd6c8920194297c38099ea87,22,21,21159b56ccbb3dd7cff6fb244692ddfd90e6feca329b25db091694453354769a,ST_LOUIS_102134_home_0_home_4_080d1ca7_S022.wav,435d0a82235565c75fcef390db55b2d478897db1c28bbf1db32a4c86e10a4f23,44100,1,520192,11.795736961451247,PCM_16,NONE,305.23017132533926,223.7071261757659,385.90383293084415,9.439561910566045,-43.3895595020646,6.574920634920635,0.4075091575091575,5,4.2700000000000005,-17.533800005921186,34,5.171165081357732,446
102134:login:0,おかえりなさい。ふふふ、日焼け止めクリームの効き目がそろそろなくなってきたわ。指揮官くん、待たせた責任、ちゃんと取ってちょうだい♪,102134,base_secretary,COMMANDER_BASELINE,,login,login,AssetBundles/cue/cv-10213.b#stream=26:login_4,AssetBundles/cue/cv-10213.b,080d1ca7d7668278371f2eadb1ebe01fc687732acd6c8920194297c38099ea87,26,25,eff2d3884eaac2233a83a291520df9d25925861f77a1de7dca78275236941071,ST_LOUIS_102134_login_0_login_4_080d1ca7_S026.wav,0ed902ea8414d1a7e7aa136b7faa8fbaa2b6a7883455da51ef732389139925cd,44100,1,761856,17.2756462585034,PCM_16,NONE,312.5740333816021,224.48186187847062,415.78019385709655,10.670665865789598,-42.4300760340354,11.974852607709751,0.28301886792452835,7,3.88,-17.402705818017683,59,4.926991749528017,677
102134:mail:0,メールが届いているわね。もう少しのんびりしたら確認しましょ？,102134,base_secretary,COMMANDER_BASELINE,,mail,mail,AssetBundles/cue/cv-10213.b#stream=29:mail_4,AssetBundles/cue/cv-10213.b,080d1ca7d7668278371f2eadb1ebe01fc687732acd6c8920194297c38099ea87,29,28,947a0886e8c32dc6b4ed14cbd6bd58bcc97714d93650300c334ac4b2bc662fd4,ST_LOUIS_102134_mail_0_mail_4_080d1ca7_S029.wav,4731f6e96929309209e5aef6e4235d84edbdc5746f23a549dca12d717b536fce,44100,1,319488,7.244625850340136,PCM_16,NONE,287.07537076349934,206.15974476741732,392.6487215399165,11.153718522023087,-42.59258080419641,5.039977324263038,0.21350078492935637,1,1.36,-17.04656313759028,28,5.555580550968898,364
102134:main:0,ずっと指揮官くんを待ってたせいで、少し体が火照ってしまったわね。ん？冷たい飲み物だけじゃ足りないわ。……ふふふ、もう少しほかの手も考えないと,102134,base_secretary,COMMANDER_BASELINE,,main1,main_1,AssetBundles/cue/cv-10213.b#stream=34:main_1_4,AssetBundles/cue/cv-10213.b,080d1ca7d7668278371f2eadb1ebe01fc687732acd6c8920194297c38099ea87,34,33,24dd250715e2c929337680e5a2b950c80515f3c711a27b2e71aded1a56eeeae9,ST_LOUIS_102134_main_0_main_1_4_080d1ca7_S034.wav,01c63c21eb77a259bd76c9d48831e95f244320f903f46d3268b81a74c7920bd0,44100,1,996352,22.593015873015872,PCM_16,NONE,289.5012766031575,219.52646748289445,387.4353744876723,9.834729522407128,-44.492468238985836,14.64984126984127,0.33578656853725847,8,6.539999999999999,-19.376805380622724,63,4.300387890870479,871
102134:main:1,…っ。水着がちょっときついわね。もぉ…指揮官くん、ちょっと手伝ってもらえないかしら？……そう、そこよ,102134,base_secretary,COMMANDER_BASELINE,,main2,main_2,AssetBundles/cue/cv-10213.b#stream=39:main_2_4,AssetBundles/cue/cv-10213.b,080d1ca7d7668278371f2eadb1ebe01fc687732acd6c8920194297c38099ea87,39,38,6589a565b2838281fa93e583fbc6d621261ad1d9ef5dc52cbea6f7e1ed70f7c7,ST_LOUIS_102134_main_1_main_2_4_080d1ca7_S039.wav,cd4cba2b3cf74513ce6da4f73079e13ee15bfec868dc29e727d854097fbc9404,44100,1,763904,17.322086167800453,PCM_16,NONE,341.9711940256307,218.1039463218716,433.0525971268207,11.87431663834738,-42.81603179419053,11.07984126984127,0.33880778588807786,7,4.76,-17.76018084637014,41,3.7004140223199578,552
102134:main:2,指揮官くんも一緒に浮き輪の上で横になってみない？多分二人でもいけるわよ？それとも指揮官くん、もっとくっついたほうがいいかしら？♪,102134,base_secretary,COMMANDER_BASELINE,,main3,main_3,AssetBundles/cue/cv-10213.b#stream=44:main_3_4,AssetBundles/cue/cv-10213.b,080d1ca7d7668278371f2eadb1ebe01fc687732acd6c8920194297c38099ea87,44,43,473c6befe179edeaa7a1e09ec1939c9ee26fdb92fbd1bc374a30eef9451b338b,ST_LOUIS_102134_main_2_main_3_4_080d1ca7_S044.wav,ac58b7a3758daf61e60fc834c24e6ab9ce35171a727a2ef9cd903c69858fc6bc,44100,1,834560,18.92426303854875,PCM_16,NONE,279.9136823085088,174.37707692964904,376.1112075464372,13.307386761547038,-43.18967612995608,12.86485260770975,0.2976718403547672,9,4.82,-17.688910794422114,59,4.586138823280573,826
102134:main:3,指揮官くんとのクルーズ旅行はいい感じね。こうして一緒に海の風景を眺めるの、なかなか新鮮だわ,102134,base_secretary,COMMANDER_BASELINE,,main4,main_4,AssetBundles/cue/cv-10213.b#stream=45:main_4_4,AssetBundles/cue/cv-10213.b,080d1ca7d7668278371f2eadb1ebe01fc687732acd6c8920194297c38099ea87,45,44,b799cc25a0cdde055658941395ff657f4c3bbef1c9183392ea3d4dac19a532ee,ST_LOUIS_102134_main_3_main_4_4_080d1ca7_S045.wav,65419536aed6f791728b6f3520a90a5aeee8e4090771f9214e830420fe588044,44100,1,563200,12.770975056689343,PCM_16,NONE,292.4760528791775,186.06384825287532,394.78014932557164,13.023020139029494,-42.32561539081366,9.629954648526077,0.19444444444444445,3,2.31,-16.945085025344056,43,4.465233904978089,670
102134:main:4,ラッキー・ルーと一緒に旅行するとなんだか自分の運も良くなりそう？ふふふ、指揮官くんの運をもっとアゲアゲにする方法もあ・る・わ・よ♥,102134,base_secretary,COMMANDER_BASELINE,,main5,main_5,AssetBundles/cue/cv-10213.b#stream=46:main_5_4,AssetBundles/cue/cv-10213.b,080d1ca7d7668278371f2eadb1ebe01fc687732acd6c8920194297c38099ea87,46,45,f0e9f14b0ec1b38fabe6fa3960638672cf24731c89ca79226f91528b7aa30797,ST_LOUIS_102134_main_4_main_5_4_080d1ca7_S046.wav,bca1576e39b9029bdba85b0c013f08f6128ce92d46e02ea3937a2a9ad28793ec,44100,1,891904,20.224580498866214,PCM_16,NONE,286.6790348895583,160.61390731469552,401.8727919435977,15.877705039864189,-43.075081569946434,13.26984126984127,0.3257614868353123,10,5.7299999999999995,-17.904134147959866,62,4.672248803827751,917
102134:mission:0,もう少し指揮官くんを独り占めしたかったけど、どうやらまだ任務が残ってるみたいね,102134,base_secretary,COMMANDER_BASELINE,,mission,task,AssetBundles/cue/cv-10213.b#stream=56:task_4,AssetBundles/cue/cv-10213.b,080d1ca7d7668278371f2eadb1ebe01fc687732acd6c8920194297c38099ea87,56,55,4ce5f07bfeed61096ce36a2cc05533d4cb6460e607d77842231a474b9094a53b,ST_LOUIS_102134_mission_0_task_4_080d1ca7_S056.wav,fa91d62b72644289f6ff5915ffd0b63ba7c217544af2d61ce25764609a207d53,44100,1,379904,8.614603174603175,PCM_16,NONE,276.85866664568744,187.4166429720857,359.0749209410773,11.256429848704018,-43.420870937152586,6.594943310657596,0.15544041450777205,2,0.96,-18.115928914497932,38,5.761990393244326,430
102134:mission_complete:0,任務完成よ♪ごほうびに日焼け止めクリームを塗ってあげるから、指揮官くんの体、預けてくれないかしら♪,102134,base_secretary,COMMANDER_BASELINE,,mission_complete,mission_complete,AssetBundles/cue/cv-10213.b#stream=49:mission_complete_4,AssetBundles/cue/cv-10213.b,080d1ca7d7668278371f2eadb1ebe01fc687732acd6c8920194297c38099ea87,49,48,79e311aed828308dd153b4ef26c47c1cce79242ef4fb74707db218357dd2d567,ST_LOUIS_102134_mission_complete_0_mission_complete_4_080d1ca7_S049.wav,500e0155c4d167825a9d935add7f0009c53a1f8047677700d9d0bc6e878dfabd,44100,1,562176,12.747755102040816,PCM_16,NONE,294.2312270214695,199.48214796891233,384.7404673847267,11.371511267649801,-42.66301127073631,9.014920634920635,0.24999999999999997,5,2.82,-17.0180807264695,45,4.99172447793781,590
102134:touch:0,日焼け止めクリームを塗ってくれる？大丈夫よ、じゃあ体を指揮官くんに預けるわよ。ふふふ,102134,base_secretary,COMMANDER_BASELINE,,touch,touch_1,AssetBundles/cue/cv-10213.b#stream=60:touch_1_4,AssetBundles/cue/cv-10213.b,080d1ca7d7668278371f2eadb1ebe01fc687732acd6c8920194297c38099ea87,60,59,1db86cf0d339a58bebc158c4e97e7a89ec1ad365c45f5d2783ad566ea34e50e5,ST_LOUIS_102134_touch_0_touch_1_4_080d1ca7_S060.wav,ec1eb02cd67a8c89fb0c6f02227b928418534882634a8a7d4dc56d766d3f06cd,44100,1,596992,13.537233560090703,PCM_16,NONE,291.034590572499,178.39471176341928,422.82856040469096,14.939999747563991,-42.68745536969488,8.824897959183673,0.3070175438596492,4,3.26,-17.528430808763424,39,4.419314555293465,535
102134:touch2:0,もう、指揮官くんったらせっかちね……こっちも我慢しなくていいってことかしら♥,102134,base_secretary,COMMANDER_BASELINE,,touch2,touch_2,AssetBundles/cue/cv-10213.b#stream=63:touch_2_4,AssetBundles/cue/cv-10213.b,080d1ca7d7668278371f2eadb1ebe01fc687732acd6c8920194297c38099ea87,63,62,a981df1dd2a6cbdd8d872e67785f52b1ebf907b2ea0c1382e3345f651bf5d2e5,ST_LOUIS_102134_touch2_0_touch_2_4_080d1ca7_S063.wav,2eafc3003f28699361eb02ad62c2a515fc0e42ab97932da8d41909b08cfb2354,44100,1,433152,9.822040816326531,PCM_16,NONE,295.97019567542543,186.14583939017433,374.5309871347226,12.103820589939607,-43.029058135436344,7.214943310657596,0.20312499999999997,2,1.5,-18.529426966172416,34,4.712441738769686,440
102134:unlock:0,指揮官くん、待っていたわ。ここでのらりくらりしながら風景を眺めていてもいいけど…ふふふ、やっぱり指揮官くんにそばにいてほしいわね♪,102134,base_secretary,COMMANDER_BASELINE,,unlock,get,AssetBundles/cue/cv-10213.b#stream=18:get_4,AssetBundles/cue/cv-10213.b,080d1ca7d7668278371f2eadb1ebe01fc687732acd6c8920194297c38099ea87,18,17,94bf4676aec069f73667d5be3799501f91e99492fbf3e484bbed58ff44bbee30,ST_LOUIS_102134_unlock_0_get_4_080d1ca7_S018.wav,3d7ee5edb50f1ead3c969f14cadfddbada3129a42482fc6a87a23fa186d5879f,44100,1,842752,19.11002267573696,PCM_16,NONE,294.243304325157,200.39684935270554,395.9798039672008,11.790804291117867,-42.36808882303365,13.499863945578232,0.26933625891387825,7,4.25,-16.806437424188672,60,4.444489236475046,856
102134:win_mvp:0,これで指揮官くんとの船旅を楽しめるわ,102134,combat,COMBAT,,win_mvp,mvp,AssetBundles/cue/cv-10213-battle.b#stream=6:mvp_4,AssetBundles/cue/cv-10213-battle.b,56ce8f1d28baf1af7341a318d100f2acf7a5ecc7283f6aae43354f8765273e41,6,5,96a23b544495a3fe785fc1c08daa46ff7637da9f3a4d3db9267038b957a1136f,ST_LOUIS_102134_win_mvp_0_mvp_4_56ce8f1d_S006.wav,989164502badcc5ecd5af9693217c9f8d262abdc3cdd40ac8ad5cbabd6cc0b91,44100,1,202752,4.597551020408163,PCM_16,NONE,338.69525535001674,241.68217318360712,443.7704671331752,10.520431172952197,-41.21535815047966,3.7149886621315193,0.0,0,0.0,-14.892034528832927,18,4.845236859934933,272
