source_id	case_id	source_title	source_type	raw_folder_id	extracted_folder_id	contact_sheet_folder_id	language_status	translation_status	source_available_drive	source_available_current_chat	hash_status	source_boundary	notes
DJFW_SOURCE_0001	DJFW_CASE_0001	[Bad Mushrooms (Chicke III, 4why)] Junketsu no Sainou (Lycoris Recoil) [Digital].cbz	raw CBZ	1TutNro9m8LVJFc3TwJtkF2Nmdu9S0BAZ	1X1Vw2r9SRNkyZqeQ5iExAw1xkpFUGmCX	1kLLn7UMOGqrEquGOe75L9HHh-rnfphXq	Japanese; no full OCR	translator page present; no full transcription	yes	yes	sha256_recorded; extraction_manifest_uploaded	uploaded CBZ; 81 image pages extracted locally; page-order manifest uploaded	Extraction manifest ID 1ROvEdVx9h5RZMdA-Z7Z3hLUWc8VobxKU; page-order manifest ID 1EiYPBETDgHXvSSWr0zTpMnxOBk6cegfZ; safe blurred contact sheet ID 1IFmAbyB_rrwJB7Au5RLiE_q_ZmTkcfTr
DJFW_SOURCE_0002	DJFW_CASE_0002	(C96) [telomereNA (Gustav)] Mizugi no Shita no Yuuwaku.cbz	raw CBZ	1VYmFnOoAHqKtJjLB_TTS09XQ4RMPlsEE			Japanese; selective safe afterword OCR only	working translation of safe afterword only; no full transcription	yes	yes	sha256_locked be612260063c2c5e604976e7dbef2b1447f35d9284ee89414a353b508950577d	71-page CBZ; full sequential visual review; explicit content structural-only	Raw file ID 100TPFWefp7y9BXW5LIctWWCFwZFMkx_P; run manifest 1B0YLxaV_V7ZXFsRBohXyaFbKFMPCG8Wn
DJFW_SOURCE_0003	DJFW_CASE_0003	[telomereNA (Gustav)] Maid Shujuu Lovers.cbz	raw CBZ	1q9O_q0NhIm36yVVw2EZGi0g4yVSL89UX			Japanese; selective safe afterword OCR only	working translation of safe afterword only; no full transcription	yes	yes	sha256_locked f6074812e1698da47918463a18ab9db789cb18066fdc62ce9a022abb3df48041	70-page CBZ; full sequential visual review; explicit content structural-only	Raw file ID 1fhZXPrHMnKu3D6bAByZdq_OMOEoGVt_9; run manifest 1B0YLxaV_V7ZXFsRBohXyaFbKFMPCG8Wn
DJFW_SOURCE_0004	DJFW_CASE_0004	(C104) [telomereNA (Gustav)] Yoru made Matenai complete.cbz	raw CBZ	1Y7OZRK9FLMP3OxQug5Y56NQ6Er3qcLWh			Japanese; selective safe afterword OCR only	working translation of safe afterword only; no full transcription	yes	yes	sha256_locked d121340e1cae5b9eb0f02533c2e1df7b5604a1b461216b47f5da7dd9eb919ffb	108-page CBZ; full sequential visual review; explicit content structural-only	Raw file ID 1hiEdgcXkBZv5iGKQIKVPqkxK72GfjiiC; run manifest 1B0YLxaV_V7ZXFsRBohXyaFbKFMPCG8Wn
DJFW_SOURCE_0005	DJFW_CASE_0005	(C100) [telomereNA (Gustav)] Otona no Sei ni Shite.cbz	raw CBZ	1zmEWCVl8L5TI92fx93aKKtPsyqP18yPR			Japanese; selective safe afterword OCR only	working translation of safe afterword only; no full transcription	yes	yes	sha256_locked c089386b043a769875513e4ec158c675324f9ccb1ef0d273c573f3bc9337efb5	42-page CBZ; full sequential visual review; explicit content structural-only	Raw file ID 1Dl_XiR0tiUmcMcy4Uq2ZUrmuIyrdcdEz; run manifest 1B0YLxaV_V7ZXFsRBohXyaFbKFMPCG8Wn
DJFW_SOURCE_0006	DJFW_CASE_0006	[Itano Chiharu] Ichijou 10-man Yen.cbz	raw CBZ	1BGABed0QhM_pvf-R37JjDCkHpa4so5FQ			Japanese; no full OCR	no full transcription	yes	yes	sha256_locked a717e21c6850ede93b02655ebd44ffcc3e3d547ce0a609b2a47be2b7f56ad1f2	10-page CBZ; full sequence reviewed non-graphically	Raw file ID 12DeCjZU_smIGvwn0ZIVKsWkNMcGVHTXe; run manifest 1B0YLxaV_V7ZXFsRBohXyaFbKFMPCG8Wn
DJFW_SOURCE_0007	DJFW_CASE_0007	[Shioyamachicurry (Shioya Coluli)] Shirayoi no Yado.cbz	raw CBZ	1NuB2t9VnwmnfHxrjI0gSmtUu2RYTvsj5			Japanese; selected safe setup/afterword OCR	working translation of safe passages only	yes	yes	sha256_locked 1e3977e2c6389da1d2040d719f1051f99db581660376c2fb4bf73c9da0ac8914	52-page CBZ; full sequence reviewed; explicit content structural-only	Raw file ID 1IGbaXQ-XPOGuhv3gGfWGNRDMTV9urGt9; run manifest 1B0YLxaV_V7ZXFsRBohXyaFbKFMPCG8Wn
DJFW_SOURCE_0008	DJFW_CASE_0008	[Nerimono Koujou] Gakuen Ikisugi Master 4.cbz	raw CBZ exact duplicate resupply	1HZVUtkBLKk2g5DuzSihj9z4PWA12sNja			Japanese; safe contributor/segment mapping only	no full transcription	yes	yes	sha256_locked ff80607eeecf58ecdd506aefe790deac62d53997c9bfc8fcd2c1f6c0e9155189; exact duplicate	79-page anthology; full page-order review; Hiro analysis limited to mapped micro-segments	Raw file ID 1kxfqTIFGnr6AvPOpcu254mLh4gZ7pJde; exact duplicate source resupply; run manifest 1B0YLxaV_V7ZXFsRBohXyaFbKFMPCG8Wn
DJFW_SOURCE_0009	DJFW_CASE_0009	[Kakuzatou] GakuMas Icha Love Ero Goudou - Dosukebe mode!!.cbz	raw CBZ anthology	1evWP0UR8aCW5WfYlYV2LlqQD9SuNoOPu			Japanese; safe TOC/setup/afterword segment mapping	working translation of safe Hiro passages only	yes	yes	sha256_locked c8496d1930d28318748a858b052d4355ca27ce75301aef3cd0d6228c6fca93ad	60-page anthology; full page-order review; Hiro segment mapped to mameojitan tranche	Raw file ID 1ENGEE7YSGEVtdYILqgTg161oTakPJVbg; run manifest 1B0YLxaV_V7ZXFsRBohXyaFbKFMPCG8Wn
DJFW_SOURCE_0010	DJFW_CASE_0010	[2nd color (Typehatena)] Kodomo Idol o Suki Houdai shite Idenshi Mazemaze Haramase Nyanko.cbz	raw CBZ categorical-only	1h5_SAHSF12tnviBSSLcQo-VZmq7cri8o			Japanese; no explicit OCR by policy	no explicit transcription/translation by policy	yes	yes	sha256_locked b133824041038ca150a06e04fcf0eaeab0042de068e05ad1408e668a00438796	20-page explicit minor-coded source; categorical structure only; Hiro closing-page visual cameo recorded	Raw file ID 1CS9OUe8bmXQxO8tPnNFIgohxzeXEqM5E; no explicit OCR; run manifest 1B0YLxaV_V7ZXFsRBohXyaFbKFMPCG8Wn
